code,title,teacherId,plannedHours,groupCodes,equipmentJson
DCC-00001,Цифровая обработка сигналов,DCT0077,2,DCG001,"[{""name"":""Проектор"",""quantity"":1},{""name"":""Доска"",""quantity"":1}]"
DCC-00002,Цифровая обработка сигналов,DCT0028,4,DCG001,"[{""name"":""Доска"",""quantity"":1}]"
DCC-00003,Облачные технологии,DCT0117,4,DCG001,"[{""name"":""Доска"",""quantity"":1}]"
DCC-00004,Большие данные,DCT0024,2,DCG001,"[{""name"":""Проектор"",""quantity"":1},{""name"":""Доска"",""quantity"":1}]"
DCC-00005,Академическое письмо,DCT0148,2,DCG001,"[{""name"":""Компьютеры"",""quantity"":15}]"
DCC-00006,Базы данных,DCT0142,2,DCG001,"[{""name"":""Проектор"",""quantity"":1},{""name"":""Доска"",""quantity"":1}]"
DCC-00007,Логика и формальные методы,DCT0208,2,DCG001,"[{""name"":""Проектор"",""quantity"":1},{""name"":""Доска"",""quantity"":1}]"
DCC-00008,Языки программирования,DCT0109,2,DCG002,"[{""name"":""Компьютеры"",""quantity"":15}]"
DCC-00009,Логика и формальные методы,DCT0129,2,DCG002,"[{""name"":""Проектор"",""quantity"":1},{""name"":""Доска"",""quantity"":1}]"
DCC-00010,Алгоритмы и структуры данных,DCT0020,2,DCG002,"[{""name"":""Доска"",""quantity"":1}]"
DCC-00011,Инженерия требований,DCT0052,2,DCG002,"[{""name"":""Осциллограф"",""quantity"":5},{""name"":""Лаб.набор"",""quantity"":10},{""name"":""Доска"",""quantity"":1}]"
DCC-00012,Большие данные,DCT0114,2,DCG002,"[{""name"":""Лаб.набор"",""quantity"":10},{""name"":""Доска"",""quantity"":1}]"
DCC-00013,Теория автоматов,DCT0179,2,DCG002,"[{""name"":""Проектор"",""quantity"":1},{""name"":""Доска"",""quantity"":1}]"
DCC-00014,Теория вероятностей и статистика,DCT0275,2,DCG002,"[{""name"":""Доска"",""quantity"":1}]"
DCC-00015,UI/UX основы,DCT0075,2,DCG003,"[{""name"":""Лаб.набор"",""quantity"":10},{""name"":""Доска"",""quantity"":1}]"
DCC-00016,Системы управления версиями,DCT0042,2,DCG003,"[{""name"":""Доска"",""quantity"":1}]"
DCC-00017,Компиляторы,DCT0057,4,DCG003,"[{""name"":""Лаб.набор"",""quantity"":10},{""name"":""Доска"",""quantity"":1}]"
DCC-00018,Функциональное программирование,DCT0062,2,DCG003,"[{""name"":""Компьютеры"",""quantity"":15},{""name"":""Проектор"",""quantity"":1}]"
DCC-00019,DevOps и CI/CD,DCT0263,2,DCG003,"[{""name"":""Проектор"",""quantity"":1},{""name"":""Доска"",""quantity"":1}]"
DCC-00020,Научно-исследовательский семинар,DCT0170,4,DCG003,"[{""name"":""Проектор"",""quantity"":1},{""name"":""Доска"",""quantity"":1}]"
DCC-00021,Языки программирования,DCT0048,2,DCG003,"[{""name"":""Проектор"",""quantity"":1},{""name"":""Доска"",""quantity"":1}]"
DCC-00022,Веб-разработка,DCT0167,2,DCG004,"[{""name"":""Компьютеры"",""quantity"":15},{""name"":""Проектор"",""quantity"":1}]"
DCC-00023,Разработка программного обеспечения,DCT0198,2,DCG004,"[{""name"":""Осциллограф"",""quantity"":5},{""name"":""Лаб.набор"",""quantity"":10},{""name"":""Доска"",""quantity"":1}]"
DCC-00024,Командная разработка,DCT0247,2,DCG004,"[{""name"":""Проектор"",""quantity"":1},{""name"":""Доска"",""quantity"":1}]"
DCC-00025,Академическое письмо,DCT0295,2,DCG004,"[{""name"":""Доска"",""quantity"":1}]"
DCC-00026,DevOps и CI/CD,DCT0236,2,DCG004,"[{""name"":""Проектор"",""quantity"":1},{""name"":""Доска"",""quantity"":1}]"
DCC-00027,Криптография,DCT0017,2,DCG004,"[{""name"":""Компьютеры"",""quantity"":15}]"
DCC-00028,UI/UX основы,DCT0289,2,DCG004,"[{""name"":""Компьютеры"",""quantity"":15},{""name"":""Проектор"",""quantity"":1}]"
DCC-00029,Объектно-ориентированное программирование,DCT0287,2,DCG005,"[{""name"":""Проектор"",""quantity"":1},{""name"":""Доска"",""quantity"":1}]"
DCC-00030,Культура речи,DCT0118,2,DCG005,"[{""name"":""Проектор"",""quantity"":1},{""name"":""Доска"",""quantity"":1}]"
DCC-00031,Большие данные,DCT0061,2,DCG005,"[{""name"":""Проектор"",""quantity"":1},{""name"":""Доска"",""quantity"":1}]"
DCC-00032,Математический анализ,DCT0044,2,DCG005,"[{""name"":""Доска"",""quantity"":1}]"
DCC-00033,Дискретная математика,DCT0127,2,DCG005,"[{""name"":""Проектор"",""quantity"":1},{""name"":""Доска"",""quantity"":1}]"
DCC-00034,Разработка программного обеспечения,DCT0107,2,DCG005,[]
DCC-00035,Методы оптимизации,DCT0048,2,DCG005,"[{""name"":""Проектор"",""quantity"":1},{""name"":""Доска"",""quantity"":1}]"
DCC-00036,Микросервисная архитектура,DCT0219,2,DCG006,"[{""name"":""Осциллограф"",""quantity"":5},{""name"":""Лаб.набор"",""quantity"":10},{""name"":""Доска"",""quantity"":1}]"
DCC-00037,Проектирование API,DCT0284,2,DCG006,"[{""name"":""Доска"",""quantity"":1}]"
DCC-00038,Экономика и управление проектами,DCT0109,2,DCG006,"[{""name"":""Проектор"",""quantity"":1},{""name"":""Доска"",""quantity"":1}]"
DCC-00039,Теория графов,DCT0239,2,DCG006,"[{""name"":""Доска"",""quantity"":1}]"
DCC-00040,Микросервисная архитектура,DCT0111,2,DCG006,"[{""name"":""Компьютеры"",""quantity"":15}]"
DCC-00041,Веб-разработка,DCT0256,2,DCG006,"[{""name"":""Компьютеры"",""quantity"":15}]"
DCC-00042,Компьютерные сети,DCT0187,2,DCG006,"[{""name"":""Лаб.набор"",""quantity"":10},{""name"":""Доска"",""quantity"":1}]"
DCC-00043,Теория автоматов,DCT0109,2,DCG007,[]
DCC-00044,Исследование операций,DCT0135,2,DCG007,"[{""name"":""Лаб.набор"",""quantity"":10},{""name"":""Доска"",""quantity"":1}]"
DCC-00045,Теория автоматов,DCT0271,2,DCG007,"[{""name"":""Доска"",""quantity"":1}]"
DCC-00046,Научно-исследовательский семинар,DCT0214,2,DCG007,"[{""name"":""Проектор"",""quantity"":1},{""name"":""Доска"",""quantity"":1}]"
DCC-00047,Проектирование API,DCT0177,2,DCG007,"[{""name"":""Проектор"",""quantity"":1},{""name"":""Доска"",""quantity"":1}]"
DCC-00048,Проектный практикум,DCT0166,4,DCG007,"[{""name"":""Компьютеры"",""quantity"":15}]"
DCC-00049,Численные методы,DCT0197,4,DCG007,"[{""name"":""Компьютеры"",""quantity"":15},{""name"":""Проектор"",""quantity"":1}]"
DCC-00050,Операционные системы,DCT0102,4,DCG008,"[{""name"":""Осциллограф"",""quantity"":5},{""name"":""Лаб.набор"",""quantity"":10},{""name"":""Доска"",""quantity"":1}]"
DCC-00051,Объектно-ориентированное программирование,DCT0232,2,DCG008,[]
DCC-00052,Контейнеризация и Kubernetes,DCT0132,2,DCG008,"[{""name"":""Доска"",""quantity"":1}]"
DCC-00053,Системное программирование,DCT0175,4,DCG008,"[{""name"":""Проектор"",""quantity"":1},{""name"":""Доска"",""quantity"":1}]"
DCC-00054,Компиляторы,DCT0049,2,DCG008,"[{""name"":""Компьютеры"",""quantity"":15}]"
DCC-00055,Большие данные,DCT0011,2,DCG008,"[{""name"":""Проектор"",""quantity"":1},{""name"":""Доска"",""quantity"":1}]"
DCC-00056,Культура речи,DCT0097,2,DCG008,"[{""name"":""Проектор"",""quantity"":1},{""name"":""Доска"",""quantity"":1}]"
DCC-00057,Языки программирования,DCT0079,2,DCG009,"[{""name"":""Лаб.набор"",""quantity"":10},{""name"":""Доска"",""quantity"":1}]"
DCC-00058,Большие данные,DCT0039,2,DCG009,"[{""name"":""Проектор"",""quantity"":1},{""name"":""Доска"",""quantity"":1}]"
DCC-00059,Методы оптимизации,DCT0169,2,DCG009,"[{""name"":""Компьютеры"",""quantity"":15},{""name"":""Проектор"",""quantity"":1}]"
DCC-00060,UI/UX основы,DCT0292,2,DCG009,"[{""name"":""Доска"",""quantity"":1}]"
DCC-00061,Экономика и управление проектами,DCT0135,2,DCG009,[]
DCC-00062,Комбинаторика,DCT0073,2,DCG009,"[{""name"":""Осциллограф"",""quantity"":5},{""name"":""Лаб.набор"",""quantity"":10},{""name"":""Доска"",""quantity"":1}]"
DCC-00063,Операционные системы,DCT0121,2,DCG009,"[{""name"":""Проектор"",""quantity"":1},{""name"":""Доска"",""quantity"":1}]"
DCC-00064,Исследование операций,DCT0082,2,DCG010,"[{""name"":""Проектор"",""quantity"":1},{""name"":""Доска"",""quantity"":1}]"
DCC-00065,Алгоритмы оптимизации,DCT0243,4,DCG010,"[{""name"":""Проектор"",""quantity"":1},{""name"":""Доска"",""quantity"":1}]"
DCC-00066,Логика и формальные методы,DCT0259,2,DCG010,"[{""name"":""Компьютеры"",""quantity"":15},{""name"":""Проектор"",""quantity"":1}]"
DCC-00067,Компьютерное зрение,DCT0044,2,DCG010,"[{""name"":""Компьютеры"",""quantity"":15}]"
DCC-00068,Инженерия требований,DCT0099,4,DCG010,"[{""name"":""Проектор"",""quantity"":1},{""name"":""Доска"",""quantity"":1}]"
DCC-00069,Архитектура ПО,DCT0083,2,DCG010,"[{""name"":""Проектор"",""quantity"":1},{""name"":""Доска"",""quantity"":1}]"
DCC-00070,Исследование операций,DCT0131,4,DCG010,"[{""name"":""Доска"",""quantity"":1}]"
DCC-00071,Теория графов,DCT0103,2,DCG011,"[{""name"":""Проектор"",""quantity"":1},{""name"":""Доска"",""quantity"":1}]"
DCC-00072,Командная разработка,DCT0244,2,DCG011,"[{""name"":""Лаб.набор"",""quantity"":10},{""name"":""Доска"",""quantity"":1}]"
DCC-00073,Информационная безопасность,DCT0156,4,DCG011,"[{""name"":""Доска"",""quantity"":1}]"
DCC-00074,Мобильная разработка,DCT0217,4,DCG011,"[{""name"":""Доска"",""quantity"":1}]"
DCC-00075,Право в ИТ,DCT0264,2,DCG011,"[{""name"":""Доска"",""quantity"":1}]"
DCC-00076,Инженерия требований,DCT0048,2,DCG011,"[{""name"":""Доска"",""quantity"":1}]"
DCC-00077,Функциональное программирование,DCT0158,2,DCG011,"[{""name"":""Проектор"",""quantity"":1},{""name"":""Доска"",""quantity"":1}]"
DCC-00078,Операционные системы,DCT0284,2,DCG012,"[{""name"":""Проектор"",""quantity"":1},{""name"":""Доска"",""quantity"":1}]"
DCC-00079,Математический анализ,DCT0123,2,DCG012,"[{""name"":""Компьютеры"",""quantity"":15},{""name"":""Проектор"",""quantity"":1}]"
DCC-00080,Архитектура компьютеров,DCT0200,2,DCG012,"[{""name"":""Доска"",""quantity"":1}]"
DCC-00081,Академическое письмо,DCT0014,2,DCG012,"[{""name"":""Лаб.набор"",""quantity"":10},{""name"":""Доска"",""quantity"":1}]"
DCC-00082,Инженерия требований,DCT0019,2,DCG012,"[{""name"":""Проектор"",""quantity"":1},{""name"":""Доска"",""quantity"":1}]"
DCC-00083,Распределённые системы,DCT0285,2,DCG012,"[{""name"":""Компьютеры"",""quantity"":15},{""name"":""Проектор"",""quantity"":1}]"
DCC-00084,Машинное обучение,DCT0210,2,DCG012,"[{""name"":""Лаб.набор"",""quantity"":10},{""name"":""Доска"",""quantity"":1}]"
DCC-00085,Паттерны проектирования,DCT0270,2,DCG013,"[{""name"":""Лаб.набор"",""quantity"":10},{""name"":""Доска"",""quantity"":1}]"
DCC-00086,Теория графов,DCT0102,2,DCG013,"[{""name"":""Компьютеры"",""quantity"":15},{""name"":""Проектор"",""quantity"":1}]"
DCC-00087,Информационная безопасность,DCT0266,2,DCG013,"[{""name"":""Компьютеры"",""quantity"":15}]"
DCC-00088,Тестирование ПО,DCT0029,2,DCG013,"[{""name"":""Проектор"",""quantity"":1},{""name"":""Доска"",""quantity"":1}]"
DCC-00089,Академическое письмо,DCT0187,4,DCG013,"[{""name"":""Доска"",""quantity"":1}]"
DCC-00090,Методы программной инженерии,DCT0270,2,DCG013,"[{""name"":""Проектор"",""quantity"":1},{""name"":""Доска"",""quantity"":1}]"
DCC-00091,UI/UX основы,DCT0231,2,DCG013,"[{""name"":""Лаб.набор"",""quantity"":10},{""name"":""Доска"",""quantity"":1}]"
DCC-00092,Операционные системы,DCT0009,4,DCG014,"[{""name"":""Проектор"",""quantity"":1},{""name"":""Доска"",""quantity"":1}]"
DCC-00093,Объектно-ориентированное программирование,DCT0077,2,DCG014,"[{""name"":""Компьютеры"",""quantity"":15}]"
DCC-00094,Большие данные,DCT0018,2,DCG014,"[{""name"":""Компьютеры"",""quantity"":15},{""name"":""Проектор"",""quantity"":1}]"
DCC-00095,Операционные системы,DCT0015,2,DCG014,"[{""name"":""Проектор"",""quantity"":1},{""name"":""Доска"",""quantity"":1}]"
DCC-00096,Тестирование ПО,DCT0115,2,DCG014,"[{""name"":""Компьютеры"",""quantity"":15}]"
DCC-00097,Тестирование ПО,DCT0277,2,DCG014,"[{""name"":""Лаб.набор"",""quantity"":10},{""name"":""Доска"",""quantity"":1}]"
DCC-00098,Методология исследований,DCT0095,2,DCG014,"[{""name"":""Доска"",""quantity"":1}]"
DCC-00099,UI/UX основы,DCT0193,2,DCG015,"[{""name"":""Лаб.набор"",""quantity"":10},{""name"":""Доска"",""quantity"":1}]"
DCC-00100,Операционные системы,DCT0131,2,DCG015,"[{""name"":""Доска"",""quantity"":1}]"
DCC-00101,Архитектура ПО,DCT0252,2,DCG015,"[{""name"":""Компьютеры"",""quantity"":15}]"
DCC-00102,Численные методы,DCT0057,4,DCG015,"[{""name"":""Проектор"",""quantity"":1},{""name"":""Доска"",""quantity"":1}]"
DCC-00103,Тестирование ПО,DCT0090,2,DCG015,"[{""name"":""Лаб.набор"",""quantity"":10},{""name"":""Доска"",""quantity"":1}]"
DCC-00104,Искусственный интеллект,DCT0235,4,DCG015,"[{""name"":""Лаб.набор"",""quantity"":10},{""name"":""Доска"",""quantity"":1}]"
DCC-00105,Компиляторы,DCT0049,2,DCG015,"[{""name"":""Компьютеры"",""quantity"":15},{""name"":""Проектор"",""quantity"":1}]"
DCC-00106,Численные методы,DCT0082,2,DCG016,"[{""name"":""Проектор"",""quantity"":1},{""name"":""Доска"",""quantity"":1}]"
DCC-00107,Командная разработка,DCT0261,2,DCG016,"[{""name"":""Лаб.набор"",""quantity"":10},{""name"":""Доска"",""quantity"":1}]"
DCC-00108,Архитектура ПО,DCT0095,2,DCG016,"[{""name"":""Доска"",""quantity"":1}]"
DCC-00109,Линейная алгебра,DCT0052,2,DCG016,"[{""name"":""Проектор"",""quantity"":1},{""name"":""Доска"",""quantity"":1}]"
DCC-00110,Культура речи,DCT0029,4,DCG016,"[{""name"":""Проектор"",""quantity"":1},{""name"":""Доска"",""quantity"":1}]"
DCC-00111,Объектно-ориентированное программирование,DCT0272,2,DCG016,"[{""name"":""Компьютеры"",""quantity"":15},{""name"":""Проектор"",""quantity"":1}]"
DCC-00112,Проектирование API,DCT0234,2,DCG016,"[{""name"":""Доска"",""quantity"":1}]"
DCC-00113,Облачные технологии,DCT0142,2,DCG017,"[{""name"":""Осциллограф"",""quantity"":5},{""name"":""Лаб.набор"",""quantity"":10},{""name"":""Доска"",""quantity"":1}]"
DCC-00114,Теория вероятностей и статистика,DCT0009,2,DCG017,"[{""name"":""Компьютеры"",""quantity"":15},{""name"":""Проектор"",""quantity"":1}]"
DCC-00115,Проектирование API,DCT0216,2,DCG017,"[{""name"":""Проектор"",""quantity"":1},{""name"":""Доска"",""quantity"":1}]"
DCC-00116,Информационная безопасность,DCT0084,2,DCG017,"[{""name"":""Лаб.набор"",""quantity"":10},{""name"":""Доска"",""quantity"":1}]"
DCC-00117,Алгоритмы оптимизации,DCT0045,2,DCG017,"[{""name"":""Проектор"",""quantity"":1},{""name"":""Доска"",""quantity"":1}]"
DCC-00118,Линейная алгебра,DCT0289,2,DCG017,"[{""name"":""Компьютеры"",""quantity"":15},{""name"":""Проектор"",""quantity"":1}]"
DCC-00119,Дискретная математика,DCT0018,2,DCG017,"[{""name"":""Компьютеры"",""quantity"":15}]"
DCC-00120,Большие данные,DCT0005,2,DCG018,[]
DCC-00121,Исследование операций,DCT0233,2,DCG018,"[{""name"":""Осциллограф"",""quantity"":5},{""name"":""Лаб.набор"",""quantity"":10},{""name"":""Доска"",""quantity"":1}]"
DCC-00122,Криптография,DCT0103,2,DCG018,"[{""name"":""Лаб.набор"",""quantity"":10},{""name"":""Доска"",""quantity"":1}]"
DCC-00123,Алгоритмы и структуры данных,DCT0288,2,DCG018,"[{""name"":""Доска"",""quantity"":1}]"
DCC-00124,Теория информации,DCT0058,4,DCG018,"[{""name"":""Компьютеры"",""quantity"":15},{""name"":""Проектор"",""quantity"":1}]"
DCC-00125,Веб-разработка,DCT0087,2,DCG018,"[{""name"":""Доска"",""quantity"":1}]"
DCC-00126,Компьютерные сети,DCT0128,4,DCG018,"[{""name"":""Проектор"",""quantity"":1},{""name"":""Доска"",""quantity"":1}]"
DCC-00127,Математическая логика,DCT0279,2,DCG019,"[{""name"":""Осциллограф"",""quantity"":5},{""name"":""Лаб.набор"",""quantity"":10},{""name"":""Доска"",""quantity"":1}]"
DCC-00128,Микросервисная архитектура,DCT0179,2,DCG019,"[{""name"":""Компьютеры"",""quantity"":15}]"
DCC-00129,Философия науки,DCT0086,2,DCG019,"[{""name"":""Компьютеры"",""quantity"":15},{""name"":""Проектор"",""quantity"":1}]"
DCC-00130,Инженерия требований,DCT0215,2,DCG019,"[{""name"":""Компьютеры"",""quantity"":15},{""name"":""Проектор"",""quantity"":1}]"
DCC-00131,Базы данных,DCT0200,2,DCG019,"[{""name"":""Доска"",""quantity"":1}]"
DCC-00132,Комбинаторика,DCT0021,4,DCG019,"[{""name"":""Проектор"",""quantity"":1},{""name"":""Доска"",""quantity"":1}]"
DCC-00133,Инженерия требований,DCT0163,2,DCG019,"[{""name"":""Компьютеры"",""quantity"":15},{""name"":""Проектор"",""quantity"":1}]"
DCC-00134,Этика в ИТ,DCT0281,2,DCG020,"[{""name"":""Доска"",""quantity"":1}]"
DCC-00135,Методы оптимизации,DCT0261,2,DCG020,"[{""name"":""Компьютеры"",""quantity"":15}]"
DCC-00136,Комбинаторика,DCT0156,4,DCG020,"[{""name"":""Доска"",""quantity"":1}]"
DCC-00137,Архитектура компьютеров,DCT0050,4,DCG020,"[{""name"":""Проектор"",""quantity"":1},{""name"":""Доска"",""quantity"":1}]"
DCC-00138,Искусственный интеллект,DCT0064,2,DCG020,"[{""name"":""Лаб.набор"",""quantity"":10},{""name"":""Доска"",""quantity"":1}]"
DCC-00139,Философия науки,DCT0125,2,DCG020,"[{""name"":""Проектор"",""quantity"":1},{""name"":""Доска"",""quantity"":1}]"
DCC-00140,Методология исследований,DCT0125,2,DCG020,"[{""name"":""Проектор"",""quantity"":1},{""name"":""Доска"",""quantity"":1}]"
DCC-00141,Системы управления версиями,DCT0037,4,DCG021,"[{""name"":""Проектор"",""quantity"":1},{""name"":""Доска"",""quantity"":1}]"
DCC-00142,Криптография,DCT0115,2,DCG021,"[{""name"":""Проектор"",""quantity"":1},{""name"":""Доска"",""quantity"":1}]"
DCC-00143,Проектирование API,DCT0255,2,DCG021,"[{""name"":""Доска"",""quantity"":1}]"
DCC-00144,Системы управления версиями,DCT0027,4,DCG021,"[{""name"":""Проектор"",""quantity"":1},{""name"":""Доска"",""quantity"":1}]"
DCC-00145,Информационная безопасность,DCT0121,2,DCG021,[]
DCC-00146,Линейная алгебра,DCT0152,2,DCG021,"[{""name"":""Компьютеры"",""quantity"":15}]"
DCC-00147,Право в ИТ,DCT0117,2,DCG021,[]
DCC-00148,Экономика и управление проектами,DCT0214,2,DCG022,"[{""name"":""Лаб.набор"",""quantity"":10},{""name"":""Доска"",""quantity"":1}]"
DCC-00149,Академическое письмо,DCT0160,2,DCG022,[]
DCC-00150,Микросервисная архитектура,DCT0073,2,DCG022,"[{""name"":""Компьютеры"",""quantity"":15}]"
DCC-00151,Искусственный интеллект,DCT0224,2,DCG022,"[{""name"":""Доска"",""quantity"":1}]"
DCC-00152,Инженерия требований,DCT0049,2,DCG022,"[{""name"":""Проектор"",""quantity"":1},{""name"":""Доска"",""quantity"":1}]"
DCC-00153,Теория вероятностей и статистика,DCT0155,2,DCG022,"[{""name"":""Лаб.набор"",""quantity"":10},{""name"":""Доска"",""quantity"":1}]"
DCC-00154,Теория информации,DCT0003,2,DCG022,"[{""name"":""Лаб.набор"",""quantity"":10},{""name"":""Доска"",""quantity"":1}]"
DCC-00155,Базы данных,DCT0163,2,DCG023,"[{""name"":""Проектор"",""quantity"":1},{""name"":""Доска"",""quantity"":1}]"
DCC-00156,Распределённые системы,DCT0236,2,DCG023,"[{""name"":""Доска"",""quantity"":1}]"
DCC-00157,Функциональное программирование,DCT0028,2,DCG023,"[{""name"":""Осциллограф"",""quantity"":5},{""name"":""Лаб.набор"",""quantity"":10},{""name"":""Доска"",""quantity"":1}]"
DCC-00158,Научно-исследовательский семинар,DCT0292,2,DCG023,"[{""name"":""Компьютеры"",""quantity"":15}]"
DCC-00159,Машинное обучение,DCT0162,4,DCG023,"[{""name"":""Проектор"",""quantity"":1},{""name"":""Доска"",""quantity"":1}]"
DCC-00160,Теория графов,DCT0111,2,DCG023,"[{""name"":""Доска"",""quantity"":1}]"
DCC-00161,Искусственный интеллект,DCT0062,4,DCG023,"[{""name"":""Проектор"",""quantity"":1},{""name"":""Доска"",""quantity"":1}]"
DCC-00162,Объектно-ориентированное программирование,DCT0083,2,DCG024,"[{""name"":""Компьютеры"",""quantity"":15}]"
DCC-00163,Базы данных,DCT0186,2,DCG024,"[{""name"":""Проектор"",""quantity"":1},{""name"":""Доска"",""quantity"":1}]"
DCC-00164,Численные методы,DCT0231,2,DCG024,"[{""name"":""Проектор"",""quantity"":1},{""name"":""Доска"",""quantity"":1}]"
DCC-00165,Объектно-ориентированное программирование,DCT0162,2,DCG024,"[{""name"":""Компьютеры"",""quantity"":15}]"
DCC-00166,Методология исследований,DCT0167,4,DCG024,"[{""name"":""Доска"",""quantity"":1}]"
DCC-00167,Философия науки,DCT0061,2,DCG024,"[{""name"":""Проектор"",""quantity"":1},{""name"":""Доска"",""quantity"":1}]"
DCC-00168,Теория автоматов,DCT0297,4,DCG024,[]
DCC-00169,Компиляторы,DCT0039,4,DCG025,"[{""name"":""Проектор"",""quantity"":1},{""name"":""Доска"",""quantity"":1}]"
DCC-00170,Параллельное программирование,DCT0045,2,DCG025,"[{""name"":""Проектор"",""quantity"":1},{""name"":""Доска"",""quantity"":1}]"
DCC-00171,Компьютерное зрение,DCT0153,4,DCG025,"[{""name"":""Доска"",""quantity"":1}]"
DCC-00172,Философия науки,DCT0087,2,DCG025,"[{""name"":""Компьютеры"",""quantity"":15},{""name"":""Проектор"",""quantity"":1}]"
DCC-00173,Искусственный интеллект,DCT0023,2,DCG025,"[{""name"":""Компьютеры"",""quantity"":15}]"
DCC-00174,Проектный практикум,DCT0120,2,DCG025,"[{""name"":""Компьютеры"",""quantity"":15}]"
DCC-00175,Архитектура ПО,DCT0028,4,DCG025,"[{""name"":""Проектор"",""quantity"":1},{""name"":""Доска"",""quantity"":1}]"
DCC-00176,Методология исследований,DCT0267,2,DCG026,"[{""name"":""Доска"",""quantity"":1}]"
DCC-00177,Философия науки,DCT0031,2,DCG026,[]
DCC-00178,Облачные технологии,DCT0129,2,DCG026,"[{""name"":""Осциллограф"",""quantity"":5},{""name"":""Лаб.набор"",""quantity"":10},{""name"":""Доска"",""quantity"":1}]"
DCC-00179,Функциональное программирование,DCT0200,4,DCG026,"[{""name"":""Доска"",""quantity"":1}]"
DCC-00180,Проектирование API,DCT0153,2,DCG026,"[{""name"":""Лаб.набор"",""quantity"":10},{""name"":""Доска"",""quantity"":1}]"
DCC-00181,Методы оптимизации,DCT0189,2,DCG026,"[{""name"":""Доска"",""quantity"":1}]"
DCC-00182,Теория графов,DCT0254,2,DCG026,"[{""name"":""Доска"",""quantity"":1}]"
DCC-00183,Компьютерное зрение,DCT0062,2,DCG027,"[{""name"":""Проектор"",""quantity"":1},{""name"":""Доска"",""quantity"":1}]"
DCC-00184,Системы управления версиями,DCT0002,2,DCG027,"[{""name"":""Проектор"",""quantity"":1},{""name"":""Доска"",""quantity"":1}]"
DCC-00185,Этика в ИТ,DCT0228,2,DCG027,"[{""name"":""Компьютеры"",""quantity"":15}]"
DCC-00186,Компиляторы,DCT0001,2,DCG027,"[{""name"":""Проектор"",""quantity"":1},{""name"":""Доска"",""quantity"":1}]"
DCC-00187,Алгоритмы и структуры данных,DCT0104,2,DCG027,"[{""name"":""Проектор"",""quantity"":1},{""name"":""Доска"",""quantity"":1}]"
DCC-00188,Логика и формальные методы,DCT0203,2,DCG027,"[{""name"":""Компьютеры"",""quantity"":15}]"
DCC-00189,Проектный практикум,DCT0271,2,DCG027,"[{""name"":""Компьютеры"",""quantity"":15},{""name"":""Проектор"",""quantity"":1}]"
DCC-00190,Дискретная математика,DCT0184,2,DCG028,"[{""name"":""Компьютеры"",""quantity"":15}]"
DCC-00191,Базы данных,DCT0045,2,DCG028,"[{""name"":""Доска"",""quantity"":1}]"
DCC-00192,Облачные технологии,DCT0252,2,DCG028,"[{""name"":""Лаб.набор"",""quantity"":10},{""name"":""Доска"",""quantity"":1}]"
DCC-00193,Методология исследований,DCT0152,2,DCG028,"[{""name"":""Лаб.набор"",""quantity"":10},{""name"":""Доска"",""quantity"":1}]"
DCC-00194,Базы данных,DCT0222,2,DCG028,"[{""name"":""Компьютеры"",""quantity"":15},{""name"":""Проектор"",""quantity"":1}]"
DCC-00195,Облачные технологии,DCT0221,2,DCG028,"[{""name"":""Проектор"",""quantity"":1},{""name"":""Доска"",""quantity"":1}]"
DCC-00196,Алгоритмы оптимизации,DCT0278,2,DCG028,"[{""name"":""Доска"",""quantity"":1}]"
DCC-00197,Право в ИТ,DCT0283,2,DCG029,"[{""name"":""Лаб.набор"",""quantity"":10},{""name"":""Доска"",""quantity"":1}]"
DCC-00198,Проектный практикум,DCT0016,2,DCG029,"[{""name"":""Доска"",""quantity"":1}]"
DCC-00199,Мобильная разработка,DCT0129,2,DCG029,"[{""name"":""Проектор"",""quantity"":1},{""name"":""Доска"",""quantity"":1}]"
DCC-00200,Теория графов,DCT0276,4,DCG029,"[{""name"":""Осциллограф"",""quantity"":5},{""name"":""Лаб.набор"",""quantity"":10},{""name"":""Доска"",""quantity"":1}]"
DCC-00201,Микросервисная архитектура,DCT0131,2,DCG029,"[{""name"":""Компьютеры"",""quantity"":15},{""name"":""Проектор"",""quantity"":1}]"
DCC-00202,UI/UX основы,DCT0282,2,DCG029,"[{""name"":""Компьютеры"",""quantity"":15}]"
DCC-00203,Компиляторы,DCT0188,2,DCG029,"[{""name"":""Проектор"",""quantity"":1},{""name"":""Доска"",""quantity"":1}]"
DCC-00204,Микросервисная архитектура,DCT0292,2,DCG030,"[{""name"":""Доска"",""quantity"":1}]"
DCC-00205,Разработка программного обеспечения,DCT0297,2,DCG030,"[{""name"":""Компьютеры"",""quantity"":15}]"
DCC-00206,Математический анализ,DCT0208,2,DCG030,"[{""name"":""Проектор"",""quantity"":1},{""name"":""Доска"",""quantity"":1}]"
DCC-00207,Теория вероятностей и статистика,DCT0044,2,DCG030,[]
DCC-00208,Машинное обучение,DCT0074,2,DCG030,"[{""name"":""Доска"",""quantity"":1}]"
DCC-00209,Тестирование ПО,DCT0065,2,DCG030,"[{""name"":""Доска"",""quantity"":1}]"
DCC-00210,Теория информации,DCT0089,2,DCG030,"[{""name"":""Компьютеры"",""quantity"":15}]"
DCC-00211,Алгоритмы оптимизации,DCT0279,2,DCG031,"[{""name"":""Доска"",""quantity"":1}]"
DCC-00212,Академическое письмо,DCT0116,2,DCG031,"[{""name"":""Проектор"",""quantity"":1},{""name"":""Доска"",""quantity"":1}]"
DCC-00213,DevOps и CI/CD,DCT0155,4,DCG031,"[{""name"":""Доска"",""quantity"":1}]"
DCC-00214,Системы управления версиями,DCT0254,2,DCG031,"[{""name"":""Компьютеры"",""quantity"":15},{""name"":""Проектор"",""quantity"":1}]"
DCC-00215,Машинное обучение,DCT0014,2,DCG031,"[{""name"":""Компьютеры"",""quantity"":15},{""name"":""Проектор"",""quantity"":1}]"
DCC-00216,Искусственный интеллект,DCT0187,4,DCG031,"[{""name"":""Доска"",""quantity"":1}]"
DCC-00217,Операционные системы,DCT0284,2,DCG031,"[{""name"":""Компьютеры"",""quantity"":15}]"
DCC-00218,Параллельное программирование,DCT0221,4,DCG032,"[{""name"":""Лаб.набор"",""quantity"":10},{""name"":""Доска"",""quantity"":1}]"
DCC-00219,Машинное обучение,DCT0023,2,DCG032,"[{""name"":""Компьютеры"",""quantity"":15},{""name"":""Проектор"",""quantity"":1}]"
DCC-00220,Логика и формальные методы,DCT0269,2,DCG032,"[{""name"":""Лаб.набор"",""quantity"":10},{""name"":""Доска"",""quantity"":1}]"
DCC-00221,Научно-исследовательский семинар,DCT0265,2,DCG032,"[{""name"":""Доска"",""quantity"":1}]"
DCC-00222,Криптография,DCT0078,2,DCG032,"[{""name"":""Компьютеры"",""quantity"":15},{""name"":""Проектор"",""quantity"":1}]"
DCC-00223,Научно-исследовательский семинар,DCT0027,2,DCG032,"[{""name"":""Компьютеры"",""quantity"":15}]"
DCC-00224,Тестирование ПО,DCT0133,2,DCG032,"[{""name"":""Компьютеры"",""quantity"":15}]"
DCC-00225,Право в ИТ,DCT0064,2,DCG033,"[{""name"":""Доска"",""quantity"":1}]"
DCC-00226,Компиляторы,DCT0125,2,DCG033,"[{""name"":""Компьютеры"",""quantity"":15},{""name"":""Проектор"",""quantity"":1}]"
DCC-00227,Инженерия требований,DCT0103,2,DCG033,"[{""name"":""Проектор"",""quantity"":1},{""name"":""Доска"",""quantity"":1}]"
DCC-00228,Исследование операций,DCT0285,2,DCG033,"[{""name"":""Осциллограф"",""quantity"":5},{""name"":""Лаб.набор"",""quantity"":10},{""name"":""Доска"",""quantity"":1}]"
DCC-00229,Математическая логика,DCT0086,2,DCG033,"[{""name"":""Доска"",""quantity"":1}]"
DCC-00230,Архитектура ПО,DCT0248,2,DCG033,"[{""name"":""Лаб.набор"",""quantity"":10},{""name"":""Доска"",""quantity"":1}]"
DCC-00231,Микросервисная архитектура,DCT0056,2,DCG033,"[{""name"":""Проектор"",""quantity"":1},{""name"":""Доска"",""quantity"":1}]"
DCC-00232,Искусственный интеллект,DCT0097,4,DCG034,"[{""name"":""Проектор"",""quantity"":1},{""name"":""Доска"",""quantity"":1}]"
DCC-00233,Линейная алгебра,DCT0236,4,DCG034,"[{""name"":""Компьютеры"",""quantity"":15}]"
DCC-00234,UI/UX основы,DCT0140,4,DCG034,"[{""name"":""Проектор"",""quantity"":1},{""name"":""Доска"",""quantity"":1}]"
DCC-00235,Логика и формальные методы,DCT0118,2,DCG034,"[{""name"":""Проектор"",""quantity"":1},{""name"":""Доска"",""quantity"":1}]"
DCC-00236,Дискретная математика,DCT0178,4,DCG034,"[{""name"":""Компьютеры"",""quantity"":15}]"
DCC-00237,Научно-исследовательский семинар,DCT0121,2,DCG034,"[{""name"":""Лаб.набор"",""quantity"":10},{""name"":""Доска"",""quantity"":1}]"
DCC-00238,Проектный практикум,DCT0113,2,DCG034,"[{""name"":""Проектор"",""quantity"":1},{""name"":""Доска"",""quantity"":1}]"
DCC-00239,Компьютерное зрение,DCT0070,2,DCG035,[]
DCC-00240,Компьютерное зрение,DCT0169,2,DCG035,"[{""name"":""Компьютеры"",""quantity"":15}]"
DCC-00241,Контейнеризация и Kubernetes,DCT0121,2,DCG035,"[{""name"":""Доска"",""quantity"":1}]"
DCC-00242,Компьютерное зрение,DCT0178,2,DCG035,"[{""name"":""Проектор"",""quantity"":1},{""name"":""Доска"",""quantity"":1}]"
DCC-00243,Проектирование API,DCT0288,2,DCG035,"[{""name"":""Доска"",""quantity"":1}]"
DCC-00244,Научно-исследовательский семинар,DCT0140,4,DCG035,"[{""name"":""Доска"",""quantity"":1}]"
DCC-00245,Системы управления версиями,DCT0245,2,DCG035,"[{""name"":""Проектор"",""quantity"":1},{""name"":""Доска"",""quantity"":1}]"
DCC-00246,Базы данных,DCT0022,4,DCG036,"[{""name"":""Компьютеры"",""quantity"":15}]"
DCC-00247,Распределённые системы,DCT0201,2,DCG036,"[{""name"":""Осциллограф"",""quantity"":5},{""name"":""Лаб.набор"",""quantity"":10},{""name"":""Доска"",""quantity"":1}]"
DCC-00248,Большие данные,DCT0124,2,DCG036,"[{""name"":""Компьютеры"",""quantity"":15}]"
DCC-00249,Компьютерные сети,DCT0176,2,DCG036,"[{""name"":""Осциллограф"",""quantity"":5},{""name"":""Лаб.набор"",""quantity"":10},{""name"":""Доска"",""quantity"":1}]"
DCC-00250,Логика и формальные методы,DCT0055,2,DCG036,"[{""name"":""Компьютеры"",""quantity"":15}]"
DCC-00251,Информационная безопасность,DCT0236,2,DCG036,"[{""name"":""Проектор"",""quantity"":1},{""name"":""Доска"",""quantity"":1}]"
DCC-00252,UI/UX основы,DCT0163,2,DCG036,"[{""name"":""Компьютеры"",""quantity"":15}]"
DCC-00253,Научно-исследовательский семинар,DCT0258,2,DCG037,"[{""name"":""Проектор"",""quantity"":1},{""name"":""Доска"",""quantity"":1}]"
DCC-00254,Техническое письмо,DCT0173,2,DCG037,"[{""name"":""Проектор"",""quantity"":1},{""name"":""Доска"",""quantity"":1}]"
DCC-00255,Алгоритмы и структуры данных,DCT0237,2,DCG037,"[{""name"":""Доска"",""quantity"":1}]"
DCC-00256,Дискретная математика,DCT0276,4,DCG037,"[{""name"":""Компьютеры"",""quantity"":15}]"
DCC-00257,Культура речи,DCT0244,2,DCG037,"[{""name"":""Доска"",""quantity"":1}]"
DCC-00258,Численные методы,DCT0112,2,DCG037,"[{""name"":""Компьютеры"",""quantity"":15},{""name"":""Проектор"",""quantity"":1}]"
DCC-00259,Дискретная математика,DCT0139,2,DCG037,"[{""name"":""Проектор"",""quantity"":1},{""name"":""Доска"",""quantity"":1}]"
DCC-00260,Веб-разработка,DCT0230,4,DCG038,"[{""name"":""Проектор"",""quantity"":1},{""name"":""Доска"",""quantity"":1}]"
DCC-00261,Линейная алгебра,DCT0087,2,DCG038,"[{""name"":""Проектор"",""quantity"":1},{""name"":""Доска"",""quantity"":1}]"
DCC-00262,Теория автоматов,DCT0031,2,DCG038,[]
DCC-00263,Теория графов,DCT0126,2,DCG038,"[{""name"":""Проектор"",""quantity"":1},{""name"":""Доска"",""quantity"":1}]"
DCC-00264,Архитектура компьютеров,DCT0031,4,DCG038,"[{""name"":""Проектор"",""quantity"":1},{""name"":""Доска"",""quantity"":1}]"
DCC-00265,Право в ИТ,DCT0128,2,DCG038,"[{""name"":""Компьютеры"",""quantity"":15}]"
DCC-00266,Алгоритмы оптимизации,DCT0229,2,DCG038,"[{""name"":""Компьютеры"",""quantity"":15}]"
DCC-00267,Системное программирование,DCT0206,2,DCG039,"[{""name"":""Доска"",""quantity"":1}]"
DCC-00268,Математический анализ,DCT0274,2,DCG039,"[{""name"":""Проектор"",""quantity"":1},{""name"":""Доска"",""quantity"":1}]"
DCC-00269,Проектирование API,DCT0234,2,DCG039,"[{""name"":""Компьютеры"",""quantity"":15}]"
DCC-00270,Языки программирования,DCT0116,2,DCG039,"[{""name"":""Компьютеры"",""quantity"":15}]"
DCC-00271,Философия науки,DCT0135,2,DCG039,"[{""name"":""Компьютеры"",""quantity"":15},{""name"":""Проектор"",""quantity"":1}]"
DCC-00272,Объектно-ориентированное программирование,DCT0232,4,DCG039,"[{""name"":""Компьютеры"",""quantity"":15},{""name"":""Проектор"",""quantity"":1}]"
DCC-00273,Дискретная математика,DCT0184,2,DCG039,"[{""name"":""Компьютеры"",""quantity"":15}]"
DCC-00274,Операционные системы,DCT0099,2,DCG040,"[{""name"":""Проектор"",""quantity"":1},{""name"":""Доска"",""quantity"":1}]"
DCC-00275,Методология исследований,DCT0263,4,DCG040,"[{""name"":""Компьютеры"",""quantity"":15}]"
DCC-00276,Комбинаторика,DCT0293,4,DCG040,"[{""name"":""Доска"",""quantity"":1}]"
DCC-00277,Функциональное программирование,DCT0240,2,DCG040,"[{""name"":""Проектор"",""quantity"":1},{""name"":""Доска"",""quantity"":1}]"
DCC-00278,Компьютерные сети,DCT0259,2,DCG040,"[{""name"":""Проектор"",""quantity"":1},{""name"":""Доска"",""quantity"":1}]"
DCC-00279,Криптография,DCT0101,2,DCG040,"[{""name"":""Проектор"",""quantity"":1},{""name"":""Доска"",""quantity"":1}]"
DCC-00280,Академическое письмо,DCT0250,2,DCG040,"[{""name"":""Компьютеры"",""quantity"":15}]"
DCC-00281,Комбинаторика,DCT0024,2,DCG041,"[{""name"":""Компьютеры"",""quantity"":15}]"
DCC-00282,Дискретная математика,DCT0201,2,DCG041,"[{""name"":""Лаб.набор"",""quantity"":10},{""name"":""Доска"",""quantity"":1}]"
DCC-00283,Теория графов,DCT0122,2,DCG041,"[{""name"":""Проектор"",""quantity"":1},{""name"":""Доска"",""quantity"":1}]"
DCC-00284,Обработка естественного языка,DCT0190,2,DCG041,"[{""name"":""Лаб.набор"",""quantity"":10},{""name"":""Доска"",""quantity"":1}]"
DCC-00285,Компиляторы,DCT0186,2,DCG041,"[{""name"":""Лаб.набор"",""quantity"":10},{""name"":""Доска"",""quantity"":1}]"
DCC-00286,Объектно-ориентированное программирование,DCT0260,2,DCG041,"[{""name"":""Лаб.набор"",""quantity"":10},{""name"":""Доска"",""quantity"":1}]"
DCC-00287,Информационная безопасность,DCT0050,2,DCG041,[]
DCC-00288,Мобильная разработка,DCT0284,2,DCG042,"[{""name"":""Доска"",""quantity"":1}]"
DCC-00289,Веб-разработка,DCT0064,2,DCG042,"[{""name"":""Проектор"",""quantity"":1},{""name"":""Доска"",""quantity"":1}]"
DCC-00290,Этика в ИТ,DCT0257,2,DCG042,"[{""name"":""Лаб.набор"",""quantity"":10},{""name"":""Доска"",""quantity"":1}]"
DCC-00291,Архитектура ПО,DCT0081,2,DCG042,"[{""name"":""Лаб.набор"",""quantity"":10},{""name"":""Доска"",""quantity"":1}]"
DCC-00292,Философия науки,DCT0126,2,DCG042,"[{""name"":""Лаб.набор"",""quantity"":10},{""name"":""Доска"",""quantity"":1}]"
DCC-00293,Криптография,DCT0292,4,DCG042,"[{""name"":""Доска"",""quantity"":1}]"
DCC-00294,Инженерия требований,DCT0279,2,DCG042,"[{""name"":""Проектор"",""quantity"":1},{""name"":""Доска"",""quantity"":1}]"
DCC-00295,Исследование операций,DCT0042,2,DCG043,"[{""name"":""Проектор"",""quantity"":1},{""name"":""Доска"",""quantity"":1}]"
DCC-00296,Архитектура компьютеров,DCT0102,2,DCG043,[]
DCC-00297,Системы управления версиями,DCT0042,2,DCG043,"[{""name"":""Доска"",""quantity"":1}]"
DCC-00298,Искусственный интеллект,DCT0214,2,DCG043,[]
DCC-00299,Теория информации,DCT0006,2,DCG043,"[{""name"":""Компьютеры"",""quantity"":15}]"
DCC-00300,Алгоритмы оптимизации,DCT0022,2,DCG043,"[{""name"":""Проектор"",""quantity"":1},{""name"":""Доска"",""quantity"":1}]"
DCC-00301,Исследование операций,DCT0047,2,DCG043,"[{""name"":""Проектор"",""quantity"":1},{""name"":""Доска"",""quantity"":1}]"
DCC-00302,Проектирование API,DCT0068,2,DCG044,"[{""name"":""Проектор"",""quantity"":1},{""name"":""Доска"",""quantity"":1}]"
DCC-00303,Системное программирование,DCT0049,2,DCG044,"[{""name"":""Лаб.набор"",""quantity"":10},{""name"":""Доска"",""quantity"":1}]"
DCC-00304,Право в ИТ,DCT0083,4,DCG044,"[{""name"":""Компьютеры"",""quantity"":15},{""name"":""Проектор"",""quantity"":1}]"
DCC-00305,Мобильная разработка,DCT0220,4,DCG044,"[{""name"":""Компьютеры"",""quantity"":15},{""name"":""Проектор"",""quantity"":1}]"
DCC-00306,Искусственный интеллект,DCT0272,2,DCG044,"[{""name"":""Доска"",""quantity"":1}]"
DCC-00307,Теория автоматов,DCT0105,2,DCG044,"[{""name"":""Доска"",""quantity"":1}]"
DCC-00308,Исследование операций,DCT0006,2,DCG044,"[{""name"":""Доска"",""quantity"":1}]"
DCC-00309,DevOps и CI/CD,DCT0286,4,DCG045,[]
DCC-00310,Комбинаторика,DCT0030,2,DCG045,"[{""name"":""Компьютеры"",""quantity"":15},{""name"":""Проектор"",""quantity"":1}]"
DCC-00311,Теория вероятностей и статистика,DCT0097,2,DCG045,"[{""name"":""Лаб.набор"",""quantity"":10},{""name"":""Доска"",""quantity"":1}]"
DCC-00312,Линейная алгебра,DCT0056,2,DCG045,"[{""name"":""Проектор"",""quantity"":1},{""name"":""Доска"",""quantity"":1}]"
DCC-00313,Научно-исследовательский семинар,DCT0275,2,DCG045,"[{""name"":""Проектор"",""quantity"":1},{""name"":""Доска"",""quantity"":1}]"
DCC-00314,Техническое письмо,DCT0257,2,DCG045,"[{""name"":""Компьютеры"",""quantity"":15},{""name"":""Проектор"",""quantity"":1}]"
DCC-00315,Компьютерные сети,DCT0194,2,DCG045,"[{""name"":""Проектор"",""quantity"":1},{""name"":""Доска"",""quantity"":1}]"
DCC-00316,Дискретная математика,DCT0233,4,DCG046,"[{""name"":""Компьютеры"",""quantity"":15},{""name"":""Проектор"",""quantity"":1}]"
DCC-00317,Техническое письмо,DCT0088,2,DCG046,"[{""name"":""Компьютеры"",""quantity"":15}]"
DCC-00318,Теория автоматов,DCT0084,2,DCG046,[]
DCC-00319,Распределённые системы,DCT0139,2,DCG046,"[{""name"":""Компьютеры"",""quantity"":15}]"
DCC-00320,Этика в ИТ,DCT0011,2,DCG046,"[{""name"":""Осциллограф"",""quantity"":5},{""name"":""Лаб.набор"",""quantity"":10},{""name"":""Доска"",""quantity"":1}]"
DCC-00321,Методы программной инженерии,DCT0160,4,DCG046,"[{""name"":""Доска"",""quantity"":1}]"
DCC-00322,Объектно-ориентированное программирование,DCT0014,2,DCG046,"[{""name"":""Проектор"",""quantity"":1},{""name"":""Доска"",""quantity"":1}]"
DCC-00323,Техническое письмо,DCT0246,2,DCG047,[]
DCC-00324,Цифровая обработка сигналов,DCT0147,2,DCG047,"[{""name"":""Осциллограф"",""quantity"":5},{""name"":""Лаб.набор"",""quantity"":10},{""name"":""Доска"",""quantity"":1}]"
DCC-00325,Дискретная математика,DCT0017,2,DCG047,"[{""name"":""Осциллограф"",""quantity"":5},{""name"":""Лаб.набор"",""quantity"":10},{""name"":""Доска"",""quantity"":1}]"
DCC-00326,Методы программной инженерии,DCT0119,2,DCG047,"[{""name"":""Проектор"",""quantity"":1},{""name"":""Доска"",""quantity"":1}]"
DCC-00327,Обработка естественного языка,DCT0288,2,DCG047,"[{""name"":""Компьютеры"",""quantity"":15}]"
DCC-00328,Культура речи,DCT0107,2,DCG047,"[{""name"":""Проектор"",""quantity"":1},{""name"":""Доска"",""quantity"":1}]"
DCC-00329,Архитектура ПО,DCT0009,4,DCG047,"[{""name"":""Лаб.набор"",""quantity"":10},{""name"":""Доска"",""quantity"":1}]"
DCC-00330,Численные методы,DCT0161,2,DCG048,"[{""name"":""Лаб.набор"",""quantity"":10},{""name"":""Доска"",""quantity"":1}]"
DCC-00331,Линейная алгебра,DCT0091,2,DCG048,"[{""name"":""Доска"",""quantity"":1}]"
DCC-00332,Разработка программного обеспечения,DCT0255,2,DCG048,"[{""name"":""Лаб.набор"",""quantity"":10},{""name"":""Доска"",""quantity"":1}]"
DCC-00333,Этика в ИТ,DCT0268,2,DCG048,"[{""name"":""Компьютеры"",""quantity"":15}]"
DCC-00334,Компиляторы,DCT0095,2,DCG048,"[{""name"":""Проектор"",""quantity"":1},{""name"":""Доска"",""quantity"":1}]"
DCC-00335,Искусственный интеллект,DCT0149,2,DCG048,"[{""name"":""Проектор"",""quantity"":1},{""name"":""Доска"",""quantity"":1}]"
DCC-00336,Право в ИТ,DCT0041,2,DCG048,"[{""name"":""Проектор"",""quantity"":1},{""name"":""Доска"",""quantity"":1}]"
DCC-00337,Базы данных,DCT0280,2,DCG049,"[{""name"":""Компьютеры"",""quantity"":15}]"
DCC-00338,Базы данных,DCT0186,2,DCG049,"[{""name"":""Доска"",""quantity"":1}]"
DCC-00339,Облачные технологии,DCT0257,4,DCG049,"[{""name"":""Проектор"",""quantity"":1},{""name"":""Доска"",""quantity"":1}]"
DCC-00340,Микросервисная архитектура,DCT0114,2,DCG049,"[{""name"":""Проектор"",""quantity"":1},{""name"":""Доска"",""quantity"":1}]"
DCC-00341,Комбинаторика,DCT0058,2,DCG049,"[{""name"":""Доска"",""quantity"":1}]"
DCC-00342,Командная разработка,DCT0248,4,DCG049,"[{""name"":""Компьютеры"",""quantity"":15}]"
DCC-00343,UI/UX основы,DCT0112,2,DCG049,"[{""name"":""Проектор"",""quantity"":1},{""name"":""Доска"",""quantity"":1}]"
DCC-00344,Комбинаторика,DCT0069,2,DCG050,"[{""name"":""Лаб.набор"",""quantity"":10},{""name"":""Доска"",""quantity"":1}]"
DCC-00345,Компиляторы,DCT0052,2,DCG050,"[{""name"":""Лаб.набор"",""quantity"":10},{""name"":""Доска"",""quantity"":1}]"
DCC-00346,Проектный практикум,DCT0105,2,DCG050,"[{""name"":""Лаб.набор"",""quantity"":10},{""name"":""Доска"",""quantity"":1}]"
DCC-00347,Исследование операций,DCT0076,2,DCG050,"[{""name"":""Проектор"",""quantity"":1},{""name"":""Доска"",""quantity"":1}]"
DCC-00348,Линейная алгебра,DCT0248,2,DCG050,"[{""name"":""Компьютеры"",""quantity"":15},{""name"":""Проектор"",""quantity"":1}]"
DCC-00349,Тестирование ПО,DCT0251,2,DCG050,"[{""name"":""Проектор"",""quantity"":1},{""name"":""Доска"",""quantity"":1}]"
DCC-00350,Техническое письмо,DCT0016,2,DCG050,"[{""name"":""Компьютеры"",""quantity"":15},{""name"":""Проектор"",""quantity"":1}]"
DCC-00351,Паттерны проектирования,DCT0270,4,DCG051,"[{""name"":""Проектор"",""quantity"":1},{""name"":""Доска"",""quantity"":1}]"
DCC-00352,Теория вероятностей и статистика,DCT0207,2,DCG051,"[{""name"":""Компьютеры"",""quantity"":15}]"
DCC-00353,Линейная алгебра,DCT0264,2,DCG051,"[{""name"":""Проектор"",""quantity"":1},{""name"":""Доска"",""quantity"":1}]"
DCC-00354,Контейнеризация и Kubernetes,DCT0262,2,DCG051,"[{""name"":""Проектор"",""quantity"":1},{""name"":""Доска"",""quantity"":1}]"
DCC-00355,Микросервисная архитектура,DCT0076,2,DCG051,"[{""name"":""Доска"",""quantity"":1}]"
DCC-00356,Алгоритмы оптимизации,DCT0247,2,DCG051,"[{""name"":""Доска"",""quantity"":1}]"
DCC-00357,Мобильная разработка,DCT0063,2,DCG051,"[{""name"":""Проектор"",""quantity"":1},{""name"":""Доска"",""quantity"":1}]"
DCC-00358,Архитектура ПО,DCT0193,4,DCG052,"[{""name"":""Компьютеры"",""quantity"":15}]"
DCC-00359,Архитектура ПО,DCT0200,2,DCG052,"[{""name"":""Проектор"",""quantity"":1},{""name"":""Доска"",""quantity"":1}]"
DCC-00360,Теория вероятностей и статистика,DCT0154,2,DCG052,"[{""name"":""Доска"",""quantity"":1}]"
DCC-00361,Проектирование API,DCT0181,2,DCG052,"[{""name"":""Доска"",""quantity"":1}]"
DCC-00362,Компьютерное зрение,DCT0203,2,DCG052,"[{""name"":""Компьютеры"",""quantity"":15}]"
DCC-00363,Операционные системы,DCT0207,2,DCG052,"[{""name"":""Проектор"",""quantity"":1},{""name"":""Доска"",""quantity"":1}]"
DCC-00364,Архитектура ПО,DCT0032,4,DCG052,"[{""name"":""Доска"",""quantity"":1}]"
DCC-00365,Линейная алгебра,DCT0207,2,DCG053,"[{""name"":""Проектор"",""quantity"":1},{""name"":""Доска"",""quantity"":1}]"
DCC-00366,Проектирование API,DCT0066,4,DCG053,"[{""name"":""Проектор"",""quantity"":1},{""name"":""Доска"",""quantity"":1}]"
DCC-00367,Компьютерные сети,DCT0193,2,DCG053,[]
DCC-00368,Компиляторы,DCT0238,2,DCG053,[]
DCC-00369,Алгоритмы оптимизации,DCT0300,2,DCG053,"[{""name"":""Проектор"",""quantity"":1},{""name"":""Доска"",""quantity"":1}]"
DCC-00370,Теория информации,DCT0182,2,DCG053,"[{""name"":""Проектор"",""quantity"":1},{""name"":""Доска"",""quantity"":1}]"
DCC-00371,Веб-разработка,DCT0219,2,DCG053,"[{""name"":""Доска"",""quantity"":1}]"
DCC-00372,Проектирование API,DCT0209,2,DCG054,"[{""name"":""Доска"",""quantity"":1}]"
DCC-00373,Языки программирования,DCT0103,2,DCG054,"[{""name"":""Лаб.набор"",""quantity"":10},{""name"":""Доска"",""quantity"":1}]"
DCC-00374,Логика и формальные методы,DCT0184,2,DCG054,"[{""name"":""Доска"",""quantity"":1}]"
DCC-00375,Инженерия требований,DCT0249,2,DCG054,"[{""name"":""Проектор"",""quantity"":1},{""name"":""Доска"",""quantity"":1}]"
DCC-00376,Компьютерные сети,DCT0114,2,DCG054,"[{""name"":""Доска"",""quantity"":1}]"
DCC-00377,Системное программирование,DCT0134,2,DCG054,[]
DCC-00378,Тестирование ПО,DCT0244,4,DCG054,"[{""name"":""Компьютеры"",""quantity"":15},{""name"":""Проектор"",""quantity"":1}]"
DCC-00379,Системы управления версиями,DCT0107,4,DCG055,"[{""name"":""Проектор"",""quantity"":1},{""name"":""Доска"",""quantity"":1}]"
DCC-00380,Тестирование ПО,DCT0180,2,DCG055,"[{""name"":""Доска"",""quantity"":1}]"
DCC-00381,Академическое письмо,DCT0115,2,DCG055,"[{""name"":""Компьютеры"",""quantity"":15}]"
DCC-00382,Культура речи,DCT0041,2,DCG055,"[{""name"":""Проектор"",""quantity"":1},{""name"":""Доска"",""quantity"":1}]"
DCC-00383,Системы управления версиями,DCT0048,4,DCG055,"[{""name"":""Компьютеры"",""quantity"":15},{""name"":""Проектор"",""quantity"":1}]"
DCC-00384,Математическая логика,DCT0138,2,DCG055,"[{""name"":""Доска"",""quantity"":1}]"
DCC-00385,Теория информации,DCT0028,2,DCG055,"[{""name"":""Проектор"",""quantity"":1},{""name"":""Доска"",""quantity"":1}]"
DCC-00386,Командная разработка,DCT0193,4,DCG056,"[{""name"":""Компьютеры"",""quantity"":15},{""name"":""Проектор"",""quantity"":1}]"
DCC-00387,Машинное обучение,DCT0254,2,DCG056,"[{""name"":""Доска"",""quantity"":1}]"
DCC-00388,Объектно-ориентированное программирование,DCT0177,2,DCG056,"[{""name"":""Проектор"",""quantity"":1},{""name"":""Доска"",""quantity"":1}]"
DCC-00389,Методы оптимизации,DCT0150,4,DCG056,[]
DCC-00390,Теория вероятностей и статистика,DCT0106,2,DCG056,"[{""name"":""Доска"",""quantity"":1}]"
DCC-00391,Теория графов,DCT0214,2,DCG056,"[{""name"":""Компьютеры"",""quantity"":15}]"
DCC-00392,Базы данных,DCT0155,2,DCG056,"[{""name"":""Проектор"",""quantity"":1},{""name"":""Доска"",""quantity"":1}]"
DCC-00393,Проектный практикум,DCT0208,2,DCG057,"[{""name"":""Компьютеры"",""quantity"":15}]"
DCC-00394,Экономика и управление проектами,DCT0136,2,DCG057,"[{""name"":""Проектор"",""quantity"":1},{""name"":""Доска"",""quantity"":1}]"
DCC-00395,Научно-исследовательский семинар,DCT0047,2,DCG057,"[{""name"":""Проектор"",""quantity"":1},{""name"":""Доска"",""quantity"":1}]"
DCC-00396,Линейная алгебра,DCT0008,2,DCG057,"[{""name"":""Проектор"",""quantity"":1},{""name"":""Доска"",""quantity"":1}]"
DCC-00397,Методология исследований,DCT0052,2,DCG057,"[{""name"":""Доска"",""quantity"":1}]"
DCC-00398,Тестирование ПО,DCT0181,4,DCG057,"[{""name"":""Доска"",""quantity"":1}]"
DCC-00399,Архитектура ПО,DCT0199,2,DCG057,"[{""name"":""Компьютеры"",""quantity"":15}]"
DCC-00400,Архитектура компьютеров,DCT0291,2,DCG058,"[{""name"":""Проектор"",""quantity"":1},{""name"":""Доска"",""quantity"":1}]"
DCC-00401,Академическое письмо,DCT0113,2,DCG058,"[{""name"":""Проектор"",""quantity"":1},{""name"":""Доска"",""quantity"":1}]"
DCC-00402,Мобильная разработка,DCT0239,4,DCG058,"[{""name"":""Проектор"",""quantity"":1},{""name"":""Доска"",""quantity"":1}]"
DCC-00403,Системы управления версиями,DCT0018,2,DCG058,"[{""name"":""Компьютеры"",""quantity"":15}]"
DCC-00404,Техническое письмо,DCT0166,2,DCG058,"[{""name"":""Доска"",""quantity"":1}]"
DCC-00405,Компьютерное зрение,DCT0220,2,DCG058,"[{""name"":""Осциллограф"",""quantity"":5},{""name"":""Лаб.набор"",""quantity"":10},{""name"":""Доска"",""quantity"":1}]"
DCC-00406,Дискретная математика,DCT0159,2,DCG058,"[{""name"":""Доска"",""quantity"":1}]"
DCC-00407,Теория автоматов,DCT0263,2,DCG059,"[{""name"":""Доска"",""quantity"":1}]"
DCC-00408,Компьютерные сети,DCT0124,2,DCG059,"[{""name"":""Лаб.набор"",""quantity"":10},{""name"":""Доска"",""quantity"":1}]"
DCC-00409,Искусственный интеллект,DCT0186,2,DCG059,"[{""name"":""Проектор"",""quantity"":1},{""name"":""Доска"",""quantity"":1}]"
DCC-00410,Искусственный интеллект,DCT0085,2,DCG059,"[{""name"":""Проектор"",""quantity"":1},{""name"":""Доска"",""quantity"":1}]"
DCC-00411,Веб-разработка,DCT0255,4,DCG059,"[{""name"":""Проектор"",""quantity"":1},{""name"":""Доска"",""quantity"":1}]"
DCC-00412,Базы данных,DCT0196,2,DCG059,"[{""name"":""Доска"",""quantity"":1}]"
DCC-00413,Параллельное программирование,DCT0288,2,DCG059,"[{""name"":""Проектор"",""quantity"":1},{""name"":""Доска"",""quantity"":1}]"
DCC-00414,Разработка программного обеспечения,DCT0111,2,DCG060,"[{""name"":""Компьютеры"",""quantity"":15}]"
DCC-00415,Комбинаторика,DCT0297,4,DCG060,"[{""name"":""Доска"",""quantity"":1}]"
DCC-00416,Дискретная математика,DCT0279,2,DCG060,"[{""name"":""Доска"",""quantity"":1}]"
DCC-00417,Математический анализ,DCT0164,2,DCG060,"[{""name"":""Лаб.набор"",""quantity"":10},{""name"":""Доска"",""quantity"":1}]"
DCC-00418,Математическая логика,DCT0162,2,DCG060,"[{""name"":""Лаб.набор"",""quantity"":10},{""name"":""Доска"",""quantity"":1}]"
DCC-00419,Базы данных,DCT0125,4,DCG060,"[{""name"":""Проектор"",""quantity"":1},{""name"":""Доска"",""quantity"":1}]"
DCC-00420,Тестирование ПО,DCT0290,2,DCG060,"[{""name"":""Проектор"",""quantity"":1},{""name"":""Доска"",""quantity"":1}]"
DCC-00421,Экономика и управление проектами,DCT0062,2,DCG061,"[{""name"":""Компьютеры"",""quantity"":15}]"
DCC-00422,Архитектура ПО,DCT0090,2,DCG061,"[{""name"":""Проектор"",""quantity"":1},{""name"":""Доска"",""quantity"":1}]"
DCC-00423,Параллельное программирование,DCT0280,2,DCG061,"[{""name"":""Проектор"",""quantity"":1},{""name"":""Доска"",""quantity"":1}]"
DCC-00424,Методология исследований,DCT0038,2,DCG061,"[{""name"":""Осциллограф"",""quantity"":5},{""name"":""Лаб.набор"",""quantity"":10},{""name"":""Доска"",""quantity"":1}]"
DCC-00425,Линейная алгебра,DCT0267,2,DCG061,"[{""name"":""Лаб.набор"",""quantity"":10},{""name"":""Доска"",""quantity"":1}]"
DCC-00426,Мобильная разработка,DCT0019,4,DCG061,"[{""name"":""Компьютеры"",""quantity"":15},{""name"":""Проектор"",""quantity"":1}]"
DCC-00427,Мобильная разработка,DCT0267,2,DCG061,"[{""name"":""Проектор"",""quantity"":1},{""name"":""Доска"",""quantity"":1}]"
DCC-00428,Проектный практикум,DCT0129,2,DCG062,"[{""name"":""Проектор"",""quantity"":1},{""name"":""Доска"",""quantity"":1}]"
DCC-00429,Инженерия требований,DCT0267,2,DCG062,"[{""name"":""Проектор"",""quantity"":1},{""name"":""Доска"",""quantity"":1}]"
DCC-00430,Архитектура компьютеров,DCT0004,2,DCG062,"[{""name"":""Компьютеры"",""quantity"":15}]"
DCC-00431,Облачные технологии,DCT0143,2,DCG062,"[{""name"":""Доска"",""quantity"":1}]"
DCC-00432,Криптография,DCT0241,2,DCG062,"[{""name"":""Проектор"",""quantity"":1},{""name"":""Доска"",""quantity"":1}]"
DCC-00433,Большие данные,DCT0122,2,DCG062,"[{""name"":""Проектор"",""quantity"":1},{""name"":""Доска"",""quantity"":1}]"
DCC-00434,Математический анализ,DCT0296,2,DCG062,"[{""name"":""Компьютеры"",""quantity"":15}]"
DCC-00435,Математический анализ,DCT0092,2,DCG063,[]
DCC-00436,Объектно-ориентированное программирование,DCT0292,2,DCG063,"[{""name"":""Проектор"",""quantity"":1},{""name"":""Доска"",""quantity"":1}]"
DCC-00437,Системы управления версиями,DCT0259,2,DCG063,"[{""name"":""Проектор"",""quantity"":1},{""name"":""Доска"",""quantity"":1}]"
DCC-00438,Инженерия требований,DCT0222,2,DCG063,"[{""name"":""Проектор"",""quantity"":1},{""name"":""Доска"",""quantity"":1}]"
DCC-00439,Теория графов,DCT0104,2,DCG063,"[{""name"":""Компьютеры"",""quantity"":15}]"
DCC-00440,Проектирование API,DCT0065,2,DCG063,"[{""name"":""Проектор"",""quantity"":1},{""name"":""Доска"",""quantity"":1}]"
DCC-00441,Научно-исследовательский семинар,DCT0055,2,DCG063,"[{""name"":""Компьютеры"",""quantity"":15},{""name"":""Проектор"",""quantity"":1}]"
DCC-00442,Теория вероятностей и статистика,DCT0207,2,DCG064,"[{""name"":""Компьютеры"",""quantity"":15}]"
DCC-00443,Проектный практикум,DCT0166,2,DCG064,"[{""name"":""Доска"",""quantity"":1}]"
DCC-00444,Логика и формальные методы,DCT0275,2,DCG064,"[{""name"":""Проектор"",""quantity"":1},{""name"":""Доска"",""quantity"":1}]"
DCC-00445,Обработка естественного языка,DCT0064,2,DCG064,"[{""name"":""Лаб.набор"",""quantity"":10},{""name"":""Доска"",""quantity"":1}]"
DCC-00446,Алгоритмы и структуры данных,DCT0079,2,DCG064,"[{""name"":""Проектор"",""quantity"":1},{""name"":""Доска"",""quantity"":1}]"
DCC-00447,Базы данных,DCT0045,2,DCG064,"[{""name"":""Компьютеры"",""quantity"":15},{""name"":""Проектор"",""quantity"":1}]"
DCC-00448,Экономика и управление проектами,DCT0281,2,DCG064,"[{""name"":""Компьютеры"",""quantity"":15}]"
DCC-00449,Теория вероятностей и статистика,DCT0299,4,DCG065,"[{""name"":""Компьютеры"",""quantity"":15}]"
DCC-00450,Объектно-ориентированное программирование,DCT0246,2,DCG065,"[{""name"":""Проектор"",""quantity"":1},{""name"":""Доска"",""quantity"":1}]"
DCC-00451,Линейная алгебра,DCT0212,2,DCG065,"[{""name"":""Лаб.набор"",""quantity"":10},{""name"":""Доска"",""quantity"":1}]"
DCC-00452,Экономика и управление проектами,DCT0118,4,DCG065,"[{""name"":""Осциллограф"",""quantity"":5},{""name"":""Лаб.набор"",""quantity"":10},{""name"":""Доска"",""quantity"":1}]"
DCC-00453,Компиляторы,DCT0248,2,DCG065,"[{""name"":""Компьютеры"",""quantity"":15}]"
DCC-00454,Логика и формальные методы,DCT0116,2,DCG065,"[{""name"":""Компьютеры"",""quantity"":15}]"
DCC-00455,Математический анализ,DCT0117,2,DCG065,"[{""name"":""Лаб.набор"",""quantity"":10},{""name"":""Доска"",""quantity"":1}]"
DCC-00456,Право в ИТ,DCT0201,4,DCG066,"[{""name"":""Лаб.набор"",""quantity"":10},{""name"":""Доска"",""quantity"":1}]"
DCC-00457,Функциональное программирование,DCT0190,2,DCG066,"[{""name"":""Проектор"",""quantity"":1},{""name"":""Доска"",""quantity"":1}]"
DCC-00458,Этика в ИТ,DCT0067,2,DCG066,"[{""name"":""Проектор"",""quantity"":1},{""name"":""Доска"",""quantity"":1}]"
DCC-00459,Криптография,DCT0069,2,DCG066,"[{""name"":""Проектор"",""quantity"":1},{""name"":""Доска"",""quantity"":1}]"
DCC-00460,Микросервисная архитектура,DCT0290,2,DCG066,"[{""name"":""Компьютеры"",""quantity"":15}]"
DCC-00461,Теория графов,DCT0050,2,DCG066,"[{""name"":""Доска"",""quantity"":1}]"
DCC-00462,Проектный практикум,DCT0227,2,DCG066,"[{""name"":""Проектор"",""quantity"":1},{""name"":""Доска"",""quantity"":1}]"
DCC-00463,Операционные системы,DCT0022,2,DCG067,[]
DCC-00464,Информационная безопасность,DCT0252,2,DCG067,"[{""name"":""Компьютеры"",""quantity"":15},{""name"":""Проектор"",""quantity"":1}]"
DCC-00465,Паттерны проектирования,DCT0062,2,DCG067,"[{""name"":""Доска"",""quantity"":1}]"
DCC-00466,Микросервисная архитектура,DCT0025,2,DCG067,"[{""name"":""Проектор"",""quantity"":1},{""name"":""Доска"",""quantity"":1}]"
DCC-00467,Компьютерные сети,DCT0249,2,DCG067,"[{""name"":""Лаб.набор"",""quantity"":10},{""name"":""Доска"",""quantity"":1}]"
DCC-00468,Численные методы,DCT0255,4,DCG067,"[{""name"":""Проектор"",""quantity"":1},{""name"":""Доска"",""quantity"":1}]"
DCC-00469,Исследование операций,DCT0019,4,DCG067,"[{""name"":""Доска"",""quantity"":1}]"
DCC-00470,Распределённые системы,DCT0038,2,DCG068,"[{""name"":""Компьютеры"",""quantity"":15}]"
DCC-00471,Обработка естественного языка,DCT0041,2,DCG068,"[{""name"":""Доска"",""quantity"":1}]"
DCC-00472,Математическая логика,DCT0156,2,DCG068,"[{""name"":""Проектор"",""quantity"":1},{""name"":""Доска"",""quantity"":1}]"
DCC-00473,Исследование операций,DCT0211,2,DCG068,"[{""name"":""Лаб.набор"",""quantity"":10},{""name"":""Доска"",""quantity"":1}]"
DCC-00474,Инженерия требований,DCT0077,2,DCG068,"[{""name"":""Компьютеры"",""quantity"":15}]"
DCC-00475,Логика и формальные методы,DCT0007,2,DCG068,"[{""name"":""Проектор"",""quantity"":1},{""name"":""Доска"",""quantity"":1}]"
DCC-00476,Логика и формальные методы,DCT0220,4,DCG068,"[{""name"":""Проектор"",""quantity"":1},{""name"":""Доска"",""quantity"":1}]"
DCC-00477,Обработка естественного языка,DCT0011,2,DCG069,"[{""name"":""Компьютеры"",""quantity"":15}]"
DCC-00478,Базы данных,DCT0238,2,DCG069,"[{""name"":""Компьютеры"",""quantity"":15}]"
DCC-00479,Цифровая обработка сигналов,DCT0270,2,DCG069,"[{""name"":""Проектор"",""quantity"":1},{""name"":""Доска"",""quantity"":1}]"
DCC-00480,Компиляторы,DCT0067,4,DCG069,"[{""name"":""Лаб.набор"",""quantity"":10},{""name"":""Доска"",""quantity"":1}]"
DCC-00481,Теория вероятностей и статистика,DCT0294,2,DCG069,"[{""name"":""Проектор"",""quantity"":1},{""name"":""Доска"",""quantity"":1}]"
DCC-00482,Объектно-ориентированное программирование,DCT0198,2,DCG069,"[{""name"":""Проектор"",""quantity"":1},{""name"":""Доска"",""quantity"":1}]"
DCC-00483,Проектирование API,DCT0132,2,DCG069,[]
DCC-00484,Машинное обучение,DCT0179,2,DCG070,"[{""name"":""Доска"",""quantity"":1}]"
DCC-00485,Искусственный интеллект,DCT0219,2,DCG070,"[{""name"":""Проектор"",""quantity"":1},{""name"":""Доска"",""quantity"":1}]"
DCC-00486,Комбинаторика,DCT0019,2,DCG070,"[{""name"":""Проектор"",""quantity"":1},{""name"":""Доска"",""quantity"":1}]"
DCC-00487,Теория графов,DCT0254,2,DCG070,"[{""name"":""Проектор"",""quantity"":1},{""name"":""Доска"",""quantity"":1}]"
DCC-00488,Архитектура ПО,DCT0211,2,DCG070,"[{""name"":""Доска"",""quantity"":1}]"
DCC-00489,Компьютерное зрение,DCT0096,4,DCG070,"[{""name"":""Доска"",""quantity"":1}]"
DCC-00490,Обработка естественного языка,DCT0178,4,DCG070,"[{""name"":""Проектор"",""quantity"":1},{""name"":""Доска"",""quantity"":1}]"
DCC-00491,Методология исследований,DCT0080,2,DCG071,"[{""name"":""Лаб.набор"",""quantity"":10},{""name"":""Доска"",""quantity"":1}]"
DCC-00492,Академическое письмо,DCT0136,2,DCG071,"[{""name"":""Проектор"",""quantity"":1},{""name"":""Доска"",""quantity"":1}]"
DCC-00493,Методология исследований,DCT0154,2,DCG071,"[{""name"":""Доска"",""quantity"":1}]"
DCC-00494,Искусственный интеллект,DCT0280,4,DCG071,"[{""name"":""Доска"",""quantity"":1}]"
DCC-00495,Культура речи,DCT0172,2,DCG071,"[{""name"":""Доска"",""quantity"":1}]"
DCC-00496,Разработка программного обеспечения,DCT0042,2,DCG071,"[{""name"":""Лаб.набор"",""quantity"":10},{""name"":""Доска"",""quantity"":1}]"
DCC-00497,Дискретная математика,DCT0091,2,DCG071,"[{""name"":""Проектор"",""quantity"":1},{""name"":""Доска"",""quantity"":1}]"
DCC-00498,Архитектура компьютеров,DCT0065,2,DCG072,"[{""name"":""Доска"",""quantity"":1}]"
DCC-00499,Теория графов,DCT0005,4,DCG072,"[{""name"":""Доска"",""quantity"":1}]"
DCC-00500,Искусственный интеллект,DCT0272,2,DCG072,[]
DCC-00501,Контейнеризация и Kubernetes,DCT0079,2,DCG072,"[{""name"":""Проектор"",""quantity"":1},{""name"":""Доска"",""quantity"":1}]"
DCC-00502,Линейная алгебра,DCT0130,2,DCG072,"[{""name"":""Проектор"",""quantity"":1},{""name"":""Доска"",""quantity"":1}]"
DCC-00503,Компьютерное зрение,DCT0169,2,DCG072,"[{""name"":""Проектор"",""quantity"":1},{""name"":""Доска"",""quantity"":1}]"
DCC-00504,Системы управления версиями,DCT0263,2,DCG072,"[{""name"":""Доска"",""quantity"":1}]"
DCC-00505,Цифровая обработка сигналов,DCT0139,2,DCG073,"[{""name"":""Проектор"",""quantity"":1},{""name"":""Доска"",""quantity"":1}]"
DCC-00506,Разработка программного обеспечения,DCT0142,4,DCG073,"[{""name"":""Компьютеры"",""quantity"":15}]"
DCC-00507,Контейнеризация и Kubernetes,DCT0255,4,DCG073,"[{""name"":""Осциллограф"",""quantity"":5},{""name"":""Лаб.набор"",""quantity"":10},{""name"":""Доска"",""quantity"":1}]"
DCC-00508,Логика и формальные методы,DCT0078,2,DCG073,"[{""name"":""Лаб.набор"",""quantity"":10},{""name"":""Доска"",""quantity"":1}]"
DCC-00509,Методы программной инженерии,DCT0108,2,DCG073,[]
DCC-00510,Языки программирования,DCT0275,2,DCG073,"[{""name"":""Лаб.набор"",""quantity"":10},{""name"":""Доска"",""quantity"":1}]"
DCC-00511,Линейная алгебра,DCT0033,2,DCG073,"[{""name"":""Проектор"",""quantity"":1},{""name"":""Доска"",""quantity"":1}]"
DCC-00512,Экономика и управление проектами,DCT0285,2,DCG074,"[{""name"":""Доска"",""quantity"":1}]"
DCC-00513,Теория вероятностей и статистика,DCT0116,2,DCG074,"[{""name"":""Лаб.набор"",""quantity"":10},{""name"":""Доска"",""quantity"":1}]"
DCC-00514,Паттерны проектирования,DCT0102,2,DCG074,"[{""name"":""Компьютеры"",""quantity"":15},{""name"":""Проектор"",""quantity"":1}]"
DCC-00515,Численные методы,DCT0209,2,DCG074,"[{""name"":""Компьютеры"",""quantity"":15},{""name"":""Проектор"",""quantity"":1}]"
DCC-00516,Распределённые системы,DCT0091,2,DCG074,"[{""name"":""Проектор"",""quantity"":1},{""name"":""Доска"",""quantity"":1}]"
DCC-00517,Компьютерные сети,DCT0168,2,DCG074,"[{""name"":""Компьютеры"",""quantity"":15},{""name"":""Проектор"",""quantity"":1}]"
DCC-00518,Экономика и управление проектами,DCT0195,2,DCG074,"[{""name"":""Проектор"",""quantity"":1},{""name"":""Доска"",""quantity"":1}]"
DCC-00519,Базы данных,DCT0144,2,DCG075,"[{""name"":""Лаб.набор"",""quantity"":10},{""name"":""Доска"",""quantity"":1}]"
DCC-00520,Информационная безопасность,DCT0141,2,DCG075,"[{""name"":""Проектор"",""quantity"":1},{""name"":""Доска"",""quantity"":1}]"
DCC-00521,UI/UX основы,DCT0236,2,DCG075,"[{""name"":""Проектор"",""quantity"":1},{""name"":""Доска"",""quantity"":1}]"
DCC-00522,Информационная безопасность,DCT0225,2,DCG075,"[{""name"":""Осциллограф"",""quantity"":5},{""name"":""Лаб.набор"",""quantity"":10},{""name"":""Доска"",""quantity"":1}]"
DCC-00523,Теория графов,DCT0231,2,DCG075,"[{""name"":""Проектор"",""quantity"":1},{""name"":""Доска"",""quantity"":1}]"
DCC-00524,Искусственный интеллект,DCT0228,2,DCG075,"[{""name"":""Проектор"",""quantity"":1},{""name"":""Доска"",""quantity"":1}]"
DCC-00525,Паттерны проектирования,DCT0095,2,DCG075,"[{""name"":""Проектор"",""quantity"":1},{""name"":""Доска"",""quantity"":1}]"
DCC-00526,Языки программирования,DCT0003,2,DCG076,"[{""name"":""Проектор"",""quantity"":1},{""name"":""Доска"",""quantity"":1}]"
DCC-00527,Теория информации,DCT0115,2,DCG076,"[{""name"":""Проектор"",""quantity"":1},{""name"":""Доска"",""quantity"":1}]"
DCC-00528,Математический анализ,DCT0130,2,DCG076,"[{""name"":""Проектор"",""quantity"":1},{""name"":""Доска"",""quantity"":1}]"
DCC-00529,Системное программирование,DCT0224,2,DCG076,"[{""name"":""Компьютеры"",""quantity"":15}]"
DCC-00530,Функциональное программирование,DCT0070,2,DCG076,"[{""name"":""Доска"",""quantity"":1}]"
DCC-00531,Базы данных,DCT0068,2,DCG076,"[{""name"":""Доска"",""quantity"":1}]"
DCC-00532,Теория автоматов,DCT0075,4,DCG076,"[{""name"":""Компьютеры"",""quantity"":15}]"
DCC-00533,Разработка программного обеспечения,DCT0095,2,DCG077,"[{""name"":""Доска"",""quantity"":1}]"
DCC-00534,Экономика и управление проектами,DCT0297,2,DCG077,"[{""name"":""Компьютеры"",""quantity"":15},{""name"":""Проектор"",""quantity"":1}]"
DCC-00535,Академическое письмо,DCT0229,2,DCG077,"[{""name"":""Компьютеры"",""quantity"":15}]"
DCC-00536,Искусственный интеллект,DCT0131,2,DCG077,"[{""name"":""Лаб.набор"",""quantity"":10},{""name"":""Доска"",""quantity"":1}]"
DCC-00537,Командная разработка,DCT0039,2,DCG077,"[{""name"":""Проектор"",""quantity"":1},{""name"":""Доска"",""quantity"":1}]"
DCC-00538,Машинное обучение,DCT0109,4,DCG077,"[{""name"":""Доска"",""quantity"":1}]"
DCC-00539,Численные методы,DCT0182,2,DCG077,"[{""name"":""Лаб.набор"",""quantity"":10},{""name"":""Доска"",""quantity"":1}]"
DCC-00540,Компьютерное зрение,DCT0157,2,DCG078,"[{""name"":""Компьютеры"",""quantity"":15},{""name"":""Проектор"",""quantity"":1}]"
DCC-00541,Информационная безопасность,DCT0011,2,DCG078,"[{""name"":""Осциллограф"",""quantity"":5},{""name"":""Лаб.набор"",""quantity"":10},{""name"":""Доска"",""quantity"":1}]"
DCC-00542,Право в ИТ,DCT0230,2,DCG078,"[{""name"":""Проектор"",""quantity"":1},{""name"":""Доска"",""quantity"":1}]"
DCC-00543,Мобильная разработка,DCT0282,4,DCG078,"[{""name"":""Лаб.набор"",""quantity"":10},{""name"":""Доска"",""quantity"":1}]"
DCC-00544,Мобильная разработка,DCT0228,2,DCG078,"[{""name"":""Компьютеры"",""quantity"":15},{""name"":""Проектор"",""quantity"":1}]"
DCC-00545,Базы данных,DCT0247,2,DCG078,"[{""name"":""Проектор"",""quantity"":1},{""name"":""Доска"",""quantity"":1}]"
DCC-00546,Техническое письмо,DCT0102,2,DCG078,"[{""name"":""Компьютеры"",""quantity"":15},{""name"":""Проектор"",""quantity"":1}]"
DCC-00547,Языки программирования,DCT0055,2,DCG079,"[{""name"":""Проектор"",""quantity"":1},{""name"":""Доска"",""quantity"":1}]"
DCC-00548,Веб-разработка,DCT0285,4,DCG079,"[{""name"":""Проектор"",""quantity"":1},{""name"":""Доска"",""quantity"":1}]"
DCC-00549,Компиляторы,DCT0148,2,DCG079,"[{""name"":""Доска"",""quantity"":1}]"
DCC-00550,Проектирование API,DCT0012,2,DCG079,"[{""name"":""Проектор"",""quantity"":1},{""name"":""Доска"",""quantity"":1}]"
DCC-00551,Компьютерное зрение,DCT0038,4,DCG079,[]
DCC-00552,Алгоритмы и структуры данных,DCT0239,2,DCG079,"[{""name"":""Проектор"",""quantity"":1},{""name"":""Доска"",""quantity"":1}]"
DCC-00553,Теория графов,DCT0240,2,DCG079,"[{""name"":""Компьютеры"",""quantity"":15},{""name"":""Проектор"",""quantity"":1}]"
DCC-00554,Искусственный интеллект,DCT0097,2,DCG080,"[{""name"":""Проектор"",""quantity"":1},{""name"":""Доска"",""quantity"":1}]"
DCC-00555,Языки программирования,DCT0063,2,DCG080,"[{""name"":""Лаб.набор"",""quantity"":10},{""name"":""Доска"",""quantity"":1}]"
DCC-00556,Теория информации,DCT0135,2,DCG080,"[{""name"":""Проектор"",""quantity"":1},{""name"":""Доска"",""quantity"":1}]"
DCC-00557,Языки программирования,DCT0129,2,DCG080,"[{""name"":""Проектор"",""quantity"":1},{""name"":""Доска"",""quantity"":1}]"
DCC-00558,Компьютерное зрение,DCT0236,2,DCG080,"[{""name"":""Лаб.набор"",""quantity"":10},{""name"":""Доска"",""quantity"":1}]"
DCC-00559,Информационная безопасность,DCT0055,2,DCG080,"[{""name"":""Доска"",""quantity"":1}]"
DCC-00560,Научно-исследовательский семинар,DCT0209,2,DCG080,"[{""name"":""Лаб.набор"",""quantity"":10},{""name"":""Доска"",""quantity"":1}]"
DCC-00561,Искусственный интеллект,DCT0164,2,DCG081,"[{""name"":""Доска"",""quantity"":1}]"
DCC-00562,Алгоритмы оптимизации,DCT0026,2,DCG081,"[{""name"":""Лаб.набор"",""quantity"":10},{""name"":""Доска"",""quantity"":1}]"
DCC-00563,Системное программирование,DCT0099,4,DCG081,"[{""name"":""Проектор"",""quantity"":1},{""name"":""Доска"",""quantity"":1}]"
DCC-00564,Тестирование ПО,DCT0089,2,DCG081,"[{""name"":""Доска"",""quantity"":1}]"
DCC-00565,Методы оптимизации,DCT0031,2,DCG081,"[{""name"":""Компьютеры"",""quantity"":15}]"
DCC-00566,Право в ИТ,DCT0100,2,DCG081,"[{""name"":""Доска"",""quantity"":1}]"
DCC-00567,Методы оптимизации,DCT0197,2,DCG081,"[{""name"":""Лаб.набор"",""quantity"":10},{""name"":""Доска"",""quantity"":1}]"
DCC-00568,Логика и формальные методы,DCT0289,2,DCG082,"[{""name"":""Проектор"",""quantity"":1},{""name"":""Доска"",""quantity"":1}]"
DCC-00569,Командная разработка,DCT0195,2,DCG082,"[{""name"":""Компьютеры"",""quantity"":15}]"
DCC-00570,Мобильная разработка,DCT0089,2,DCG082,[]
DCC-00571,Алгоритмы и структуры данных,DCT0226,2,DCG082,"[{""name"":""Проектор"",""quantity"":1},{""name"":""Доска"",""quantity"":1}]"
DCC-00572,UI/UX основы,DCT0123,2,DCG082,"[{""name"":""Проектор"",""quantity"":1},{""name"":""Доска"",""quantity"":1}]"
DCC-00573,Исследование операций,DCT0050,2,DCG082,"[{""name"":""Компьютеры"",""quantity"":15}]"
DCC-00574,Цифровая обработка сигналов,DCT0198,2,DCG082,"[{""name"":""Лаб.набор"",""quantity"":10},{""name"":""Доска"",""quantity"":1}]"
DCC-00575,Тестирование ПО,DCT0116,2,DCG083,"[{""name"":""Проектор"",""quantity"":1},{""name"":""Доска"",""quantity"":1}]"
DCC-00576,Численные методы,DCT0198,2,DCG083,"[{""name"":""Компьютеры"",""quantity"":15}]"
DCC-00577,Теория автоматов,DCT0145,2,DCG083,"[{""name"":""Проектор"",""quantity"":1},{""name"":""Доска"",""quantity"":1}]"
DCC-00578,Академическое письмо,DCT0117,2,DCG083,"[{""name"":""Доска"",""quantity"":1}]"
DCC-00579,Теория графов,DCT0173,4,DCG083,"[{""name"":""Лаб.набор"",""quantity"":10},{""name"":""Доска"",""quantity"":1}]"
DCC-00580,Веб-разработка,DCT0096,2,DCG083,"[{""name"":""Проектор"",""quantity"":1},{""name"":""Доска"",""quantity"":1}]"
DCC-00581,Объектно-ориентированное программирование,DCT0134,2,DCG083,"[{""name"":""Доска"",""quantity"":1}]"
DCC-00582,Линейная алгебра,DCT0031,2,DCG084,"[{""name"":""Компьютеры"",""quantity"":15}]"
DCC-00583,Контейнеризация и Kubernetes,DCT0059,2,DCG084,"[{""name"":""Проектор"",""quantity"":1},{""name"":""Доска"",""quantity"":1}]"
DCC-00584,Архитектура компьютеров,DCT0249,2,DCG084,"[{""name"":""Доска"",""quantity"":1}]"
DCC-00585,Теория графов,DCT0209,2,DCG084,"[{""name"":""Компьютеры"",""quantity"":15},{""name"":""Проектор"",""quantity"":1}]"
DCC-00586,Обработка естественного языка,DCT0156,2,DCG084,[]
DCC-00587,Разработка программного обеспечения,DCT0035,2,DCG084,"[{""name"":""Проектор"",""quantity"":1},{""name"":""Доска"",""quantity"":1}]"
DCC-00588,Компьютерные сети,DCT0049,2,DCG084,"[{""name"":""Проектор"",""quantity"":1},{""name"":""Доска"",""quantity"":1}]"
DCC-00589,Параллельное программирование,DCT0185,2,DCG085,"[{""name"":""Лаб.набор"",""quantity"":10},{""name"":""Доска"",""quantity"":1}]"
DCC-00590,Культура речи,DCT0229,2,DCG085,"[{""name"":""Проектор"",""quantity"":1},{""name"":""Доска"",""quantity"":1}]"
DCC-00591,Веб-разработка,DCT0264,2,DCG085,"[{""name"":""Лаб.набор"",""quantity"":10},{""name"":""Доска"",""quantity"":1}]"
DCC-00592,Научно-исследовательский семинар,DCT0239,2,DCG085,[]
DCC-00593,Методы оптимизации,DCT0253,2,DCG085,"[{""name"":""Проектор"",""quantity"":1},{""name"":""Доска"",""quantity"":1}]"
DCC-00594,Облачные технологии,DCT0146,2,DCG085,"[{""name"":""Проектор"",""quantity"":1},{""name"":""Доска"",""quantity"":1}]"
DCC-00595,Методология исследований,DCT0063,2,DCG085,"[{""name"":""Доска"",""quantity"":1}]"
DCC-00596,Обработка естественного языка,DCT0266,2,DCG086,"[{""name"":""Доска"",""quantity"":1}]"
DCC-00597,Исследование операций,DCT0025,2,DCG086,"[{""name"":""Компьютеры"",""quantity"":15},{""name"":""Проектор"",""quantity"":1}]"
DCC-00598,Компьютерное зрение,DCT0169,2,DCG086,"[{""name"":""Проектор"",""quantity"":1},{""name"":""Доска"",""quantity"":1}]"
DCC-00599,Этика в ИТ,DCT0013,4,DCG086,"[{""name"":""Проектор"",""quantity"":1},{""name"":""Доска"",""quantity"":1}]"
DCC-00600,Компиляторы,DCT0247,2,DCG086,"[{""name"":""Компьютеры"",""quantity"":15}]"
DCC-00601,Объектно-ориентированное программирование,DCT0104,4,DCG086,"[{""name"":""Проектор"",""quantity"":1},{""name"":""Доска"",""quantity"":1}]"
DCC-00602,Искусственный интеллект,DCT0193,2,DCG086,"[{""name"":""Компьютеры"",""quantity"":15}]"
DCC-00603,Распределённые системы,DCT0165,2,DCG087,"[{""name"":""Проектор"",""quantity"":1},{""name"":""Доска"",""quantity"":1}]"
DCC-00604,Численные методы,DCT0098,2,DCG087,"[{""name"":""Лаб.набор"",""quantity"":10},{""name"":""Доска"",""quantity"":1}]"
DCC-00605,Теория информации,DCT0295,4,DCG087,"[{""name"":""Проектор"",""quantity"":1},{""name"":""Доска"",""quantity"":1}]"
DCC-00606,Дискретная математика,DCT0121,2,DCG087,"[{""name"":""Проектор"",""quantity"":1},{""name"":""Доска"",""quantity"":1}]"
DCC-00607,Архитектура компьютеров,DCT0214,2,DCG087,"[{""name"":""Доска"",""quantity"":1}]"
DCC-00608,Цифровая обработка сигналов,DCT0063,2,DCG087,"[{""name"":""Проектор"",""quantity"":1},{""name"":""Доска"",""quantity"":1}]"
DCC-00609,Право в ИТ,DCT0176,2,DCG087,"[{""name"":""Лаб.набор"",""quantity"":10},{""name"":""Доска"",""quantity"":1}]"
DCC-00610,Инженерия требований,DCT0099,2,DCG088,"[{""name"":""Лаб.набор"",""quantity"":10},{""name"":""Доска"",""quantity"":1}]"
DCC-00611,Теория графов,DCT0010,4,DCG088,"[{""name"":""Доска"",""quantity"":1}]"
DCC-00612,Системы управления версиями,DCT0078,2,DCG088,"[{""name"":""Проектор"",""quantity"":1},{""name"":""Доска"",""quantity"":1}]"
DCC-00613,Обработка естественного языка,DCT0228,4,DCG088,"[{""name"":""Доска"",""quantity"":1}]"
DCC-00614,Логика и формальные методы,DCT0220,2,DCG088,"[{""name"":""Проектор"",""quantity"":1},{""name"":""Доска"",""quantity"":1}]"
DCC-00615,Научно-исследовательский семинар,DCT0052,2,DCG088,"[{""name"":""Проектор"",""quantity"":1},{""name"":""Доска"",""quantity"":1}]"
DCC-00616,Веб-разработка,DCT0178,2,DCG088,"[{""name"":""Лаб.набор"",""quantity"":10},{""name"":""Доска"",""quantity"":1}]"
DCC-00617,Обработка естественного языка,DCT0108,2,DCG089,"[{""name"":""Лаб.набор"",""quantity"":10},{""name"":""Доска"",""quantity"":1}]"
DCC-00618,Проектный практикум,DCT0009,2,DCG089,"[{""name"":""Проектор"",""quantity"":1},{""name"":""Доска"",""quantity"":1}]"
DCC-00619,Базы данных,DCT0274,2,DCG089,"[{""name"":""Проектор"",""quantity"":1},{""name"":""Доска"",""quantity"":1}]"
DCC-00620,Линейная алгебра,DCT0149,2,DCG089,"[{""name"":""Проектор"",""quantity"":1},{""name"":""Доска"",""quantity"":1}]"
DCC-00621,Академическое письмо,DCT0202,2,DCG089,"[{""name"":""Доска"",""quantity"":1}]"
DCC-00622,Разработка программного обеспечения,DCT0217,2,DCG089,"[{""name"":""Лаб.набор"",""quantity"":10},{""name"":""Доска"",""quantity"":1}]"
DCC-00623,DevOps и CI/CD,DCT0118,2,DCG089,"[{""name"":""Проектор"",""quantity"":1},{""name"":""Доска"",""quantity"":1}]"
DCC-00624,Распределённые системы,DCT0288,2,DCG090,[]
DCC-00625,Системы управления версиями,DCT0116,2,DCG090,"[{""name"":""Проектор"",""quantity"":1},{""name"":""Доска"",""quantity"":1}]"
DCC-00626,Алгоритмы оптимизации,DCT0046,2,DCG090,"[{""name"":""Проектор"",""quantity"":1},{""name"":""Доска"",""quantity"":1}]"
DCC-00627,Научно-исследовательский семинар,DCT0197,2,DCG090,"[{""name"":""Проектор"",""quantity"":1},{""name"":""Доска"",""quantity"":1}]"
DCC-00628,Распределённые системы,DCT0022,2,DCG090,"[{""name"":""Лаб.набор"",""quantity"":10},{""name"":""Доска"",""quantity"":1}]"
DCC-00629,Микросервисная архитектура,DCT0110,2,DCG090,"[{""name"":""Доска"",""quantity"":1}]"
DCC-00630,Искусственный интеллект,DCT0167,4,DCG090,"[{""name"":""Проектор"",""quantity"":1},{""name"":""Доска"",""quantity"":1}]"
DCSH-0001,Общевузовский курс: Мобильная разработка,DCT0113,4,DCG015;DCG037;DCG060;DCG083,"[{""name"":""Доска"",""quantity"":1}]"
DCSH-0002,Общевузовский курс: Параллельное программирование,DCT0296,2,DCG014;DCG037;DCG060;DCG082,"[{""name"":""Проектор"",""quantity"":1},{""name"":""Доска"",""quantity"":1}]"
DCSH-0003,Общевузовский курс: Системы управления версиями,DCT0164,2,DCG022;DCG045;DCG067;DCG090,"[{""name"":""Проектор"",""quantity"":1},{""name"":""Доска"",""quantity"":1}]"
DCSH-0004,Общевузовский курс: Разработка программного обеспечения,DCT0077,2,DCG005;DCG028;DCG051;DCG073,"[{""name"":""Компьютеры"",""quantity"":15}]"
DCSH-0005,Общевузовский курс: Логика и формальные методы,DCT0189,2,DCG009;DCG031;DCG054;DCG077,"[{""name"":""Проектор"",""quantity"":1},{""name"":""Доска"",""quantity"":1}]"
DCSH-0006,Общевузовский курс: Обработка естественного языка,DCT0241,2,DCG015;DCG038;DCG061;DCG083,"[{""name"":""Доска"",""quantity"":1}]"
DCSH-0007,Общевузовский курс: Машинное обучение,DCT0071,4,DCG023;DCG046;DCG068,"[{""name"":""Проектор"",""quantity"":1},{""name"":""Доска"",""quantity"":1}]"
DCSH-0008,Общевузовский курс: Линейная алгебра,DCT0227,2,DCG012;DCG034;DCG057;DCG080,"[{""name"":""Доска"",""quantity"":1}]"
DCSH-0009,Общевузовский курс: Большие данные,DCT0132,2,DCG002;DCG025;DCG047;DCG070,"[{""name"":""Проектор"",""quantity"":1},{""name"":""Доска"",""quantity"":1}]"
DCSH-0010,Общевузовский курс: Паттерны проектирования,DCT0079,4,DCG021;DCG044;DCG067;DCG089,"[{""name"":""Компьютеры"",""quantity"":15}]"
DCSH-0011,Общевузовский курс: Базы данных,DCT0193,2,DCG016;DCG038;DCG061;DCG084,"[{""name"":""Доска"",""quantity"":1}]"
DCSH-0012,Общевузовский курс: Теория вероятностей и статистика,DCT0027,2,DCG009;DCG032;DCG055;DCG077,"[{""name"":""Проектор"",""quantity"":1},{""name"":""Доска"",""quantity"":1}]"
DCSH-0013,Общевузовский курс: Комбинаторика,DCT0006,2,DCG016;DCG039;DCG061;DCG084,"[{""name"":""Проектор"",""quantity"":1},{""name"":""Доска"",""quantity"":1}]"
DCSH-0014,Общевузовский курс: Паттерны проектирования,DCT0255,2,DCG010;DCG032;DCG055;DCG078,"[{""name"":""Проектор"",""quantity"":1},{""name"":""Доска"",""quantity"":1}]"
DCSH-0015,Общевузовский курс: Компьютерное зрение,DCT0188,2,DCG021;DCG043;DCG066;DCG089,"[{""name"":""Проектор"",""quantity"":1},{""name"":""Доска"",""quantity"":1}]"
DCSH-0016,Общевузовский курс: Паттерны проектирования,DCT0177,2,DCG005;DCG027;DCG050;DCG073,"[{""name"":""Компьютеры"",""quantity"":15}]"
DCSH-0017,Общевузовский курс: Контейнеризация и Kubernetes,DCT0008,2,DCG023;DCG045;DCG068,"[{""name"":""Доска"",""quantity"":1}]"
DCSH-0018,Общевузовский курс: Комбинаторика,DCT0186,2,DCG003;DCG025;DCG048;DCG071,"[{""name"":""Доска"",""quantity"":1}]"
DCSH-0019,Общевузовский курс: Цифровая обработка сигналов,DCT0169,2,DCG001;DCG024;DCG046;DCG069,"[{""name"":""Осциллограф"",""quantity"":5},{""name"":""Лаб.набор"",""quantity"":10},{""name"":""Доска"",""quantity"":1}]"
DCSH-0020,Общевузовский курс: Информационная безопасность,DCT0229,2,DCG009;DCG032;DCG054;DCG077,"[{""name"":""Лаб.набор"",""quantity"":10},{""name"":""Доска"",""quantity"":1}]"
DCSH-0021,Общевузовский курс: Методы оптимизации,DCT0090,2,DCG012;DCG035;DCG057;DCG080,"[{""name"":""Проектор"",""quantity"":1},{""name"":""Доска"",""quantity"":1}]"
DCSH-0022,Общевузовский курс: Инженерия требований,DCT0203,2,DCG001;DCG024;DCG047;DCG069,"[{""name"":""Доска"",""quantity"":1}]"
DCSH-0023,Общевузовский курс: Цифровая обработка сигналов,DCT0060,2,DCG021;DCG044;DCG066;DCG089,[]
DCSH-0024,Общевузовский курс: Объектно-ориентированное программирование,DCT0232,2,DCG001;DCG023;DCG046;DCG069,"[{""name"":""Компьютеры"",""quantity"":15}]"
DCSH-0025,Общевузовский курс: Академическое письмо,DCT0046,2,DCG013;DCG036;DCG059;DCG081,"[{""name"":""Компьютеры"",""quantity"":15}]"
DCSH-0026,Общевузовский курс: Алгоритмы и структуры данных,DCT0187,2,DCG003;DCG026;DCG048;DCG071,"[{""name"":""Доска"",""quantity"":1}]"
DCSH-0027,Общевузовский курс: Системы управления версиями,DCT0015,2,DCG019;DCG042;DCG065;DCG087,"[{""name"":""Лаб.набор"",""quantity"":10},{""name"":""Доска"",""quantity"":1}]"
DCSH-0028,Общевузовский курс: Облачные технологии,DCT0131,2,DCG016;DCG039;DCG062;DCG084,"[{""name"":""Лаб.набор"",""quantity"":10},{""name"":""Доска"",""quantity"":1}]"
DCSH-0029,Общевузовский курс: Линейная алгебра,DCT0220,2,DCG020;DCG043;DCG066;DCG088,"[{""name"":""Компьютеры"",""quantity"":15}]"
DCSH-0030,Общевузовский курс: Архитектура ПО,DCT0184,2,DCG020;DCG043;DCG065;DCG088,"[{""name"":""Компьютеры"",""quantity"":15}]"
DCSH-0031,Общевузовский курс: Искусственный интеллект,DCT0047,2,DCG006;DCG028;DCG051;DCG074,"[{""name"":""Проектор"",""quantity"":1},{""name"":""Доска"",""quantity"":1}]"
DCSH-0032,Общевузовский курс: Экономика и управление проектами,DCT0135,2,DCG008;DCG031;DCG054;DCG076,"[{""name"":""Лаб.набор"",""quantity"":10},{""name"":""Доска"",""quantity"":1}]"
DCSH-0033,Общевузовский курс: Методология исследований,DCT0248,2,DCG004;DCG027;DCG049;DCG072,"[{""name"":""Доска"",""quantity"":1}]"
DCSH-0034,Общевузовский курс: Теория информации,DCT0060,2,DCG007;DCG030;DCG053;DCG075,"[{""name"":""Компьютеры"",""quantity"":15}]"
DCSH-0035,Общевузовский курс: Проектирование API,DCT0246,2,DCG010;DCG033;DCG056;DCG078,"[{""name"":""Проектор"",""quantity"":1},{""name"":""Доска"",""quantity"":1}]"
DCSH-0036,Общевузовский курс: Теория графов,DCT0049,2,DCG002;DCG024;DCG047;DCG070,"[{""name"":""Проектор"",""quantity"":1},{""name"":""Доска"",""quantity"":1}]"
DCSH-0037,Общевузовский курс: Цифровая обработка сигналов,DCT0180,2,DCG010;DCG033;DCG055;DCG078,"[{""name"":""Компьютеры"",""quantity"":15}]"
DCSH-0038,Общевузовский курс: Большие данные,DCT0142,4,DCG013;DCG036;DCG058;DCG081,"[{""name"":""Проектор"",""quantity"":1},{""name"":""Доска"",""quantity"":1}]"
DCSH-0039,Общевузовский курс: Теория информации,DCT0064,2,DCG017;DCG040;DCG062;DCG085,"[{""name"":""Проектор"",""quantity"":1},{""name"":""Доска"",""quantity"":1}]"
DCSH-0040,Общевузовский курс: Академическое письмо,DCT0155,2,DCG011;DCG034;DCG057;DCG079,"[{""name"":""Проектор"",""quantity"":1},{""name"":""Доска"",""quantity"":1}]"
DCSH-0041,Общевузовский курс: Разработка программного обеспечения,DCT0161,2,DCG006;DCG029;DCG051;DCG074,"[{""name"":""Лаб.набор"",""quantity"":10},{""name"":""Доска"",""quantity"":1}]"
DCSH-0042,Общевузовский курс: Теория информации,DCT0271,2,DCG004;DCG026;DCG049;DCG072,"[{""name"":""Проектор"",""quantity"":1},{""name"":""Доска"",""quantity"":1}]"
DCSH-0043,Общевузовский курс: Философия науки,DCT0090,2,DCG017;DCG039;DCG062;DCG085,"[{""name"":""Лаб.набор"",""quantity"":10},{""name"":""Доска"",""quantity"":1}]"
DCSH-0044,Общевузовский курс: Культура речи,DCT0046,2,DCG011;DCG033;DCG056;DCG079,"[{""name"":""Проектор"",""quantity"":1},{""name"":""Доска"",""quantity"":1}]"
DCSH-0045,Общевузовский курс: Культура речи,DCT0071,2,DCG003;DCG026;DCG049;DCG071,"[{""name"":""Доска"",""quantity"":1}]"
DCSH-0046,Общевузовский курс: Распределённые системы,DCT0094,2,DCG007;DCG030;DCG052;DCG075,"[{""name"":""Осциллограф"",""quantity"":5},{""name"":""Лаб.набор"",""quantity"":10},{""name"":""Доска"",""quantity"":1}]"
DCSH-0047,Общевузовский курс: DevOps и CI/CD,DCT0232,2,DCG017;DCG040;DCG063;DCG085,"[{""name"":""Доска"",""quantity"":1}]"
DCSH-0048,Общевузовский курс: Теория информации,DCT0056,4,DCG006;DCG029;DCG052;DCG074,"[{""name"":""Доска"",""quantity"":1}]"
DCSH-0049,Общевузовский курс: Дискретная математика,DCT0181,2,DCG002;DCG025;DCG048;DCG070,"[{""name"":""Доска"",""quantity"":1}]"
DCSH-0050,Общевузовский курс: Микросервисная архитектура,DCT0127,2,DCG005;DCG028;DCG050;DCG073,"[{""name"":""Компьютеры"",""quantity"":15}]"
DCSH-0051,Общевузовский курс: Философия науки,DCT0165,2,DCG019;DCG042;DCG064;DCG087,"[{""name"":""Проектор"",""quantity"":1},{""name"":""Доска"",""quantity"":1}]"
DCSH-0052,Общевузовский курс: Комбинаторика,DCT0006,2,DCG007;DCG029;DCG052;DCG075,"[{""name"":""Лаб.набор"",""quantity"":10},{""name"":""Доска"",""quantity"":1}]"
DCSH-0053,Общевузовский курс: Паттерны проектирования,DCT0171,2,DCG022;DCG044;DCG067;DCG090,"[{""name"":""Компьютеры"",""quantity"":15}]"
DCSH-0054,Общевузовский курс: Цифровая обработка сигналов,DCT0093,2,DCG014;DCG036;DCG059;DCG082,"[{""name"":""Лаб.набор"",""quantity"":10},{""name"":""Доска"",""quantity"":1}]"
DCSH-0055,Общевузовский курс: Тестирование ПО,DCT0160,2,DCG018;DCG041;DCG064;DCG086,"[{""name"":""Проектор"",""quantity"":1},{""name"":""Доска"",""quantity"":1}]"
DCSH-0056,Общевузовский курс: Информационная безопасность,DCT0137,2,DCG014;DCG037;DCG059;DCG082,"[{""name"":""Осциллограф"",""quantity"":5},{""name"":""Лаб.набор"",""quantity"":10},{""name"":""Доска"",""quantity"":1}]"
DCSH-0057,Общевузовский курс: Компьютерное зрение,DCT0220,2,DCG004;DCG027;DCG050;DCG072,"[{""name"":""Компьютеры"",""quantity"":15},{""name"":""Проектор"",""quantity"":1}]"
DCSH-0058,Общевузовский курс: Машинное обучение,DCT0117,2,DCG018;DCG041;DCG063;DCG086,"[{""name"":""Компьютеры"",""quantity"":15},{""name"":""Проектор"",""quantity"":1}]"
DCSH-0059,Общевузовский курс: Обработка естественного языка,DCT0084,2,DCG011;DCG034;DCG056;DCG079,"[{""name"":""Осциллограф"",""quantity"":5},{""name"":""Лаб.набор"",""quantity"":10},{""name"":""Доска"",""quantity"":1}]"
DCSH-0060,Общевузовский курс: Микросервисная архитектура,DCT0289,4,DCG020;DCG042;DCG065;DCG088,"[{""name"":""Доска"",""quantity"":1}]"
DCSH-0061,Общевузовский курс: Функциональное программирование,DCT0242,2,DCG022;DCG045;DCG068;DCG090,"[{""name"":""Компьютеры"",""quantity"":15},{""name"":""Проектор"",""quantity"":1}]"
DCSH-0062,Общевузовский курс: Компиляторы,DCT0139,2,DCG008;DCG031;DCG053;DCG076,"[{""name"":""Компьютеры"",""quantity"":15},{""name"":""Проектор"",""quantity"":1}]"
DCSH-0063,Общевузовский курс: Информационная безопасность,DCT0101,2,DCG013;DCG035;DCG058;DCG081,"[{""name"":""Осциллограф"",""quantity"":5},{""name"":""Лаб.набор"",""quantity"":10},{""name"":""Доска"",""quantity"":1}]"
DCSH-0064,Общевузовский курс: Теория графов,DCT0226,2,DCG008;DCG030;DCG053;DCG076,"[{""name"":""Компьютеры"",""quantity"":15},{""name"":""Проектор"",""quantity"":1}]"
DCSH-0065,Общевузовский курс: Системы управления версиями,DCT0152,4,DCG012;DCG035;DCG058;DCG080,"[{""name"":""Доска"",""quantity"":1}]"
DCSH-0066,Общевузовский курс: Логика и формальные методы,DCT0236,2,DCG019;DCG041;DCG064;DCG087,"[{""name"":""Проектор"",""quantity"":1},{""name"":""Доска"",""quantity"":1}]"
DCSH-0067,Общевузовский курс: Теория графов,DCT0129,4,DCG018;DCG040;DCG063;DCG086,"[{""name"":""Проектор"",""quantity"":1},{""name"":""Доска"",""quantity"":1}]"
DCSH-0068,Общевузовский курс: Теория автоматов,DCT0184,2,DCG015;DCG038;DCG060;DCG083,"[{""name"":""Лаб.набор"",""quantity"":10},{""name"":""Доска"",""quantity"":1}]"
